feature,mean_abs_shap
loc,0.09172139381705854
branchCount,0.024392639970422528
v(g),0.023659260452293527
ev(g),0.016341676660993114
