feature,feature_value,shap_value
loc,7.0,-0.08410217146476498
branchCount,1.0,-0.005056362805262325
ev(g),1.0,-0.004813307087479188
v(g),1.0,-0.0027031819271178393
