feature,feature_value,shap_value
loc,4.0,-0.10595675449683767
v(g),1.0,0.032410416946750044
branchCount,1.0,-0.030509482553170528
iv(g),1.0,0.013304993918682157
ev(g),1.0,0.004496641046389413
