feature,mean_abs_shap
loc,0.13668221990230295
branchCount,0.06034102494202134
v(g),0.05451341950163007
iv(g),0.04407898173485664
ev(g),0.015016407591882126
