text_branch,dataset_name,num_models,mean_delta_accuracy,mean_delta_precision,mean_delta_recall,mean_delta_f1,mean_delta_auc,num_improved_f1,num_improved_auc
tfidf,kc1,3,0.006765412180356201,0.04496270659928373,-0.025641025641025623,-0.005882338947002759,0.014669127929068751,2,3
tfidf,jm1,3,-0.004729807134013127,-0.048996703084526284,-0.007917656373713394,-0.0131949017932875,-0.002083128130435171,0,2
tfidf,pc1,3,0.005669346476521324,0.1537037037037037,0.15555555555555559,0.17443609022556394,-0.006921218877740627,3,1
tfidf,cm1,3,-0.004620462046204625,-0.07407407407407411,-0.06666666666666667,-0.0701754385964912,-0.10259666259666263,0,0
