dataset_name,model,loc,v(g),ev(g),iv(g),n,v,l,d,i,e,b,t,lOCode,lOComment,lOBlank,locCodeAndComment,uniq_Op,uniq_Opnd,total_Op,total_Opnd,branchCount,label,module_id,project_name,probability,prediction,decision_threshold,is_correct,error_type,feature_family,feature_set,text_feature_column,uses_commit_text,artifact_schema_version,artifact_stage,artifact_id,artifact_group_key,artifact_created_at,source_results_table,model_path,split_mode,split_manifest_path,feature_metadata_json,num_features,training_mode,selection_rank,selected_reason,confidence,representative_group,top_shap_feature_1,top_shap_feature_2,top_shap_feature_3,top_shap_features,commit_text,la,ld,nf,ns,nd,entropy,ndev,lt,nuc,age,exp,rexp,sexp,jitline_split,commit_id,ent,nrev,rtime,hcmt,self,app,aexp,arexp,rrexp,asexp,rsexp,asawr,rsawr,N,V,L,D,I,E,B,T
cm1,xgb,82.0,11.0,3.0,10.0,475.0,3155.83,0.02,44.71,70.59,141084.24,1.05,7838.01,9.0,59.0,35.0,0.0,32.0,68.0,285.0,190.0,21.0,1,row_495,cm1,0.9040049314498901,1,0.75566166639328,True,tp,metrics_only,metrics_only,,False,paper-v1,error_analysis,cm1::xgb::tuned_best_table,cm1::xgb,2026-06-27T05:31:34,C:\Users\Dam Hieu\Desktop\CNDM - VIẾT BÁO + KLTN\prototype\results\tables\results_table.csv,C:\Users\Dam Hieu\Desktop\CNDM - VIẾT BÁO + KLTN\prototype\models\metrics_tuned\cm1\xgb_candidate2.joblib,saved_split,C:\Users\Dam Hieu\Desktop\CNDM - VIẾT BÁO + KLTN\prototype\data\splits\cm1\manifest.json,"{'feature_family': 'metrics_only', 'num_features': 5}",5,tuned,1,Selected by recall then f1 using validation_threshold metrics within dataset under policy hybrid_validation_then_tuned,0.9040049314498901,tp,loc,iv_g,v_g,"loc,iv_g,v_g",,,,,,,,,,,,,,,,,,,,,,,,,,,,,,,,,,,,,
cm1,xgb,59.0,7.0,1.0,7.0,349.0,2318.71,0.05,22.14,104.75,51324.87,0.77,2851.38,16.0,23.0,32.0,0.0,26.0,74.0,223.0,126.0,13.0,1,row_478,cm1,0.7640597820281982,1,0.75566166639328,True,tp,metrics_only,metrics_only,,False,paper-v1,error_analysis,cm1::xgb::tuned_best_table,cm1::xgb,2026-06-27T05:31:34,C:\Users\Dam Hieu\Desktop\CNDM - VIẾT BÁO + KLTN\prototype\results\tables\results_table.csv,C:\Users\Dam Hieu\Desktop\CNDM - VIẾT BÁO + KLTN\prototype\models\metrics_tuned\cm1\xgb_candidate2.joblib,saved_split,C:\Users\Dam Hieu\Desktop\CNDM - VIẾT BÁO + KLTN\prototype\data\splits\cm1\manifest.json,"{'feature_family': 'metrics_only', 'num_features': 5}",5,tuned,1,Selected by recall then f1 using validation_threshold metrics within dataset under policy hybrid_validation_then_tuned,0.7640597820281982,tp,loc,iv_g,v_g,"loc,iv_g,v_g",,,,,,,,,,,,,,,,,,,,,,,,,,,,,,,,,,,,,
cm1,xgb,10.0,2.0,1.0,1.0,32.0,150.41,0.15,6.5,23.14,977.69,0.05,54.32,1.0,12.0,4.0,0.0,13.0,13.0,19.0,13.0,3.0,1,row_496,cm1,0.05413351207971573,0,0.75566166639328,False,fn,metrics_only,metrics_only,,False,paper-v1,error_analysis,cm1::xgb::tuned_best_table,cm1::xgb,2026-06-27T05:31:34,C:\Users\Dam Hieu\Desktop\CNDM - VIẾT BÁO + KLTN\prototype\results\tables\results_table.csv,C:\Users\Dam Hieu\Desktop\CNDM - VIẾT BÁO + KLTN\prototype\models\metrics_tuned\cm1\xgb_candidate2.joblib,saved_split,C:\Users\Dam Hieu\Desktop\CNDM - VIẾT BÁO + KLTN\prototype\data\splits\cm1\manifest.json,"{'feature_family': 'metrics_only', 'num_features': 5}",5,tuned,1,Selected by recall then f1 using validation_threshold metrics within dataset under policy hybrid_validation_then_tuned,0.9458664655685425,fn,loc,iv_g,v_g,"loc,iv_g,v_g",,,,,,,,,,,,,,,,,,,,,,,,,,,,,,,,,,,,,
cm1,xgb,7.0,1.0,1.0,1.0,30.0,122.62,0.18,5.63,21.8,689.76,0.04,38.32,0.0,0.0,0.0,0.0,9.0,8.0,20.0,10.0,1.0,1,row_485,cm1,0.08814793080091476,0,0.75566166639328,False,fn,metrics_only,metrics_only,,False,paper-v1,error_analysis,cm1::xgb::tuned_best_table,cm1::xgb,2026-06-27T05:31:34,C:\Users\Dam Hieu\Desktop\CNDM - VIẾT BÁO + KLTN\prototype\results\tables\results_table.csv,C:\Users\Dam Hieu\Desktop\CNDM - VIẾT BÁO + KLTN\prototype\models\metrics_tuned\cm1\xgb_candidate2.joblib,saved_split,C:\Users\Dam Hieu\Desktop\CNDM - VIẾT BÁO + KLTN\prototype\data\splits\cm1\manifest.json,"{'feature_family': 'metrics_only', 'num_features': 5}",5,tuned,1,Selected by recall then f1 using validation_threshold metrics within dataset under policy hybrid_validation_then_tuned,0.9118520617485046,fn,loc,iv_g,v_g,"loc,iv_g,v_g",,,,,,,,,,,,,,,,,,,,,,,,,,,,,,,,,,,,,
cm1,xgb,22.0,5.0,5.0,3.0,84.0,440.83,0.08,12.55,35.13,5531.32,0.15,307.3,0.0,17.0,9.0,0.0,17.0,21.0,53.0,31.0,9.0,1,row_477,cm1,0.21647976338863373,0,0.75566166639328,False,fn,metrics_only,metrics_only,,False,paper-v1,error_analysis,cm1::xgb::tuned_best_table,cm1::xgb,2026-06-27T05:31:34,C:\Users\Dam Hieu\Desktop\CNDM - VIẾT BÁO + KLTN\prototype\results\tables\results_table.csv,C:\Users\Dam Hieu\Desktop\CNDM - VIẾT BÁO + KLTN\prototype\models\metrics_tuned\cm1\xgb_candidate2.joblib,saved_split,C:\Users\Dam Hieu\Desktop\CNDM - VIẾT BÁO + KLTN\prototype\data\splits\cm1\manifest.json,"{'feature_family': 'metrics_only', 'num_features': 5}",5,tuned,1,Selected by recall then f1 using validation_threshold metrics within dataset under policy hybrid_validation_then_tuned,0.7835202217102051,fn,loc,iv_g,v_g,"loc,iv_g,v_g",,,,,,,,,,,,,,,,,,,,,,,,,,,,,,,,,,,,,
cm1,xgb,28.0,6.0,5.0,5.0,104.0,564.33,0.06,16.09,35.08,9078.38,0.19,504.35,2.0,7.0,0.0,0.0,20.0,23.0,67.0,37.0,11.0,1,row_497,cm1,0.260375052690506,0,0.75566166639328,False,fn,metrics_only,metrics_only,,False,paper-v1,error_analysis,cm1::xgb::tuned_best_table,cm1::xgb,2026-06-27T05:31:34,C:\Users\Dam Hieu\Desktop\CNDM - VIẾT BÁO + KLTN\prototype\results\tables\results_table.csv,C:\Users\Dam Hieu\Desktop\CNDM - VIẾT BÁO + KLTN\prototype\models\metrics_tuned\cm1\xgb_candidate2.joblib,saved_split,C:\Users\Dam Hieu\Desktop\CNDM - VIẾT BÁO + KLTN\prototype\data\splits\cm1\manifest.json,"{'feature_family': 'metrics_only', 'num_features': 5}",5,tuned,1,Selected by recall then f1 using validation_threshold metrics within dataset under policy hybrid_validation_then_tuned,0.7396249771118164,fn,loc,iv_g,v_g,"loc,iv_g,v_g",,,,,,,,,,,,,,,,,,,,,,,,,,,,,,,,,,,,,
cm1,xgb,13.0,3.0,1.0,3.0,38.0,164.23,0.14,7.33,22.4,1204.38,0.05,66.91,2.0,0.0,0.0,0.0,11.0,9.0,26.0,12.0,5.0,1,row_474,cm1,0.28985175490379333,0,0.75566166639328,False,fn,metrics_only,metrics_only,,False,paper-v1,error_analysis,cm1::xgb::tuned_best_table,cm1::xgb,2026-06-27T05:31:34,C:\Users\Dam Hieu\Desktop\CNDM - VIẾT BÁO + KLTN\prototype\results\tables\results_table.csv,C:\Users\Dam Hieu\Desktop\CNDM - VIẾT BÁO + KLTN\prototype\models\metrics_tuned\cm1\xgb_candidate2.joblib,saved_split,C:\Users\Dam Hieu\Desktop\CNDM - VIẾT BÁO + KLTN\prototype\data\splits\cm1\manifest.json,"{'feature_family': 'metrics_only', 'num_features': 5}",5,tuned,1,Selected by recall then f1 using validation_threshold metrics within dataset under policy hybrid_validation_then_tuned,0.7101482152938843,fn,loc,iv_g,v_g,"loc,iv_g,v_g",,,,,,,,,,,,,,,,,,,,,,,,,,,,,,,,,,,,,
cm1,xgb,127.0,10.0,1.0,10.0,737.0,5334.7,0.04,24.9,214.24,132838.37,1.78,7379.91,4.0,31.0,77.0,0.0,25.0,126.0,486.0,251.0,19.0,0,row_50,cm1,0.9134412407875061,1,0.75566166639328,False,fp,metrics_only,metrics_only,,False,paper-v1,error_analysis,cm1::xgb::tuned_best_table,cm1::xgb,2026-06-27T05:31:34,C:\Users\Dam Hieu\Desktop\CNDM - VIẾT BÁO + KLTN\prototype\results\tables\results_table.csv,C:\Users\Dam Hieu\Desktop\CNDM - VIẾT BÁO + KLTN\prototype\models\metrics_tuned\cm1\xgb_candidate2.joblib,saved_split,C:\Users\Dam Hieu\Desktop\CNDM - VIẾT BÁO + KLTN\prototype\data\splits\cm1\manifest.json,"{'feature_family': 'metrics_only', 'num_features': 5}",5,tuned,1,Selected by recall then f1 using validation_threshold metrics within dataset under policy hybrid_validation_then_tuned,0.9134412407875061,fp,loc,iv_g,v_g,"loc,iv_g,v_g",,,,,,,,,,,,,,,,,,,,,,,,,,,,,,,,,,,,,
cm1,xgb,92.0,15.0,15.0,15.0,466.0,2643.35,0.02,57.0,46.37,150670.96,0.88,8370.61,27.0,41.0,67.0,0.0,19.0,32.0,274.0,192.0,29.0,0,row_188,cm1,0.7839438915252686,1,0.75566166639328,False,fp,metrics_only,metrics_only,,False,paper-v1,error_analysis,cm1::xgb::tuned_best_table,cm1::xgb,2026-06-27T05:31:34,C:\Users\Dam Hieu\Desktop\CNDM - VIẾT BÁO + KLTN\prototype\results\tables\results_table.csv,C:\Users\Dam Hieu\Desktop\CNDM - VIẾT BÁO + KLTN\prototype\models\metrics_tuned\cm1\xgb_candidate2.joblib,saved_split,C:\Users\Dam Hieu\Desktop\CNDM - VIẾT BÁO + KLTN\prototype\data\splits\cm1\manifest.json,"{'feature_family': 'metrics_only', 'num_features': 5}",5,tuned,1,Selected by recall then f1 using validation_threshold metrics within dataset under policy hybrid_validation_then_tuned,0.7839438915252686,fp,loc,iv_g,v_g,"loc,iv_g,v_g",,,,,,,,,,,,,,,,,,,,,,,,,,,,,,,,,,,,,
cm1,xgb,55.0,9.0,1.0,3.0,292.0,1738.63,0.03,33.32,52.18,57931.89,0.58,3218.44,12.0,20.0,10.0,0.0,23.0,39.0,179.0,113.0,17.0,0,row_152,cm1,0.7560991048812866,1,0.75566166639328,False,fp,metrics_only,metrics_only,,False,paper-v1,error_analysis,cm1::xgb::tuned_best_table,cm1::xgb,2026-06-27T05:31:34,C:\Users\Dam Hieu\Desktop\CNDM - VIẾT BÁO + KLTN\prototype\results\tables\results_table.csv,C:\Users\Dam Hieu\Desktop\CNDM - VIẾT BÁO + KLTN\prototype\models\metrics_tuned\cm1\xgb_candidate2.joblib,saved_split,C:\Users\Dam Hieu\Desktop\CNDM - VIẾT BÁO + KLTN\prototype\data\splits\cm1\manifest.json,"{'feature_family': 'metrics_only', 'num_features': 5}",5,tuned,1,Selected by recall then f1 using validation_threshold metrics within dataset under policy hybrid_validation_then_tuned,0.7560991048812866,fp,loc,iv_g,v_g,"loc,iv_g,v_g",,,,,,,,,,,,,,,,,,,,,,,,,,,,,,,,,,,,,
cm1,xgb,7.0,2.0,1.0,2.0,25.0,102.19,0.16,6.19,16.52,632.28,0.03,35.13,0.0,2.0,2.0,0.0,9.0,8.0,14.0,11.0,3.0,0,row_231,cm1,0.0465526208281517,0,0.75566166639328,True,tn,metrics_only,metrics_only,,False,paper-v1,error_analysis,cm1::xgb::tuned_best_table,cm1::xgb,2026-06-27T05:31:34,C:\Users\Dam Hieu\Desktop\CNDM - VIẾT BÁO + KLTN\prototype\results\tables\results_table.csv,C:\Users\Dam Hieu\Desktop\CNDM - VIẾT BÁO + KLTN\prototype\models\metrics_tuned\cm1\xgb_candidate2.joblib,saved_split,C:\Users\Dam Hieu\Desktop\CNDM - VIẾT BÁO + KLTN\prototype\data\splits\cm1\manifest.json,"{'feature_family': 'metrics_only', 'num_features': 5}",5,tuned,1,Selected by recall then f1 using validation_threshold metrics within dataset under policy hybrid_validation_then_tuned,0.9534474015235901,tn,loc,iv_g,v_g,"loc,iv_g,v_g",,,,,,,,,,,,,,,,,,,,,,,,,,,,,,,,,,,,,
cm1,xgb,10.0,2.0,1.0,2.0,21.0,75.28,0.14,7.0,10.75,526.99,0.03,29.28,0.0,0.0,1.0,0.0,8.0,4.0,14.0,7.0,3.0,0,row_301,cm1,0.0465526208281517,0,0.75566166639328,True,tn,metrics_only,metrics_only,,False,paper-v1,error_analysis,cm1::xgb::tuned_best_table,cm1::xgb,2026-06-27T05:31:34,C:\Users\Dam Hieu\Desktop\CNDM - VIẾT BÁO + KLTN\prototype\results\tables\results_table.csv,C:\Users\Dam Hieu\Desktop\CNDM - VIẾT BÁO + KLTN\prototype\models\metrics_tuned\cm1\xgb_candidate2.joblib,saved_split,C:\Users\Dam Hieu\Desktop\CNDM - VIẾT BÁO + KLTN\prototype\data\splits\cm1\manifest.json,"{'feature_family': 'metrics_only', 'num_features': 5}",5,tuned,1,Selected by recall then f1 using validation_threshold metrics within dataset under policy hybrid_validation_then_tuned,0.9534474015235901,tn,loc,iv_g,v_g,"loc,iv_g,v_g",,,,,,,,,,,,,,,,,,,,,,,,,,,,,,,,,,,,,
cm1,xgb,8.0,2.0,1.0,1.0,36.0,158.12,0.18,5.5,28.75,869.68,0.05,48.32,0.0,6.0,7.0,0.0,11.0,10.0,26.0,10.0,3.0,0,row_55,cm1,0.05413351207971573,0,0.75566166639328,True,tn,metrics_only,metrics_only,,False,paper-v1,error_analysis,cm1::xgb::tuned_best_table,cm1::xgb,2026-06-27T05:31:34,C:\Users\Dam Hieu\Desktop\CNDM - VIẾT BÁO + KLTN\prototype\results\tables\results_table.csv,C:\Users\Dam Hieu\Desktop\CNDM - VIẾT BÁO + KLTN\prototype\models\metrics_tuned\cm1\xgb_candidate2.joblib,saved_split,C:\Users\Dam Hieu\Desktop\CNDM - VIẾT BÁO + KLTN\prototype\data\splits\cm1\manifest.json,"{'feature_family': 'metrics_only', 'num_features': 5}",5,tuned,1,Selected by recall then f1 using validation_threshold metrics within dataset under policy hybrid_validation_then_tuned,0.9458664655685425,tn,loc,iv_g,v_g,"loc,iv_g,v_g",,,,,,,,,,,,,,,,,,,,,,,,,,,,,,,,,,,,,
cm1,xgb,9.0,2.0,1.0,1.0,53.0,232.79,0.06,17.06,13.64,3972.03,0.08,220.67,2.0,2.0,5.0,0.0,13.0,8.0,32.0,21.0,3.0,0,row_340,cm1,0.05413351207971573,0,0.75566166639328,True,tn,metrics_only,metrics_only,,False,paper-v1,error_analysis,cm1::xgb::tuned_best_table,cm1::xgb,2026-06-27T05:31:34,C:\Users\Dam Hieu\Desktop\CNDM - VIẾT BÁO + KLTN\prototype\results\tables\results_table.csv,C:\Users\Dam Hieu\Desktop\CNDM - VIẾT BÁO + KLTN\prototype\models\metrics_tuned\cm1\xgb_candidate2.joblib,saved_split,C:\Users\Dam Hieu\Desktop\CNDM - VIẾT BÁO + KLTN\prototype\data\splits\cm1\manifest.json,"{'feature_family': 'metrics_only', 'num_features': 5}",5,tuned,1,Selected by recall then f1 using validation_threshold metrics within dataset under policy hybrid_validation_then_tuned,0.9458664655685425,tn,loc,iv_g,v_g,"loc,iv_g,v_g",,,,,,,,,,,,,,,,,,,,,,,,,,,,,,,,,,,,,
cm1,xgb,7.0,2.0,1.0,1.0,27.0,105.49,0.08,12.0,8.79,1265.83,0.04,70.32,0.0,0.0,1.0,0.0,10.0,5.0,15.0,12.0,3.0,0,row_442,cm1,0.05413351207971573,0,0.75566166639328,True,tn,metrics_only,metrics_only,,False,paper-v1,error_analysis,cm1::xgb::tuned_best_table,cm1::xgb,2026-06-27T05:31:34,C:\Users\Dam Hieu\Desktop\CNDM - VIẾT BÁO + KLTN\prototype\results\tables\results_table.csv,C:\Users\Dam Hieu\Desktop\CNDM - VIẾT BÁO + KLTN\prototype\models\metrics_tuned\cm1\xgb_candidate2.joblib,saved_split,C:\Users\Dam Hieu\Desktop\CNDM - VIẾT BÁO + KLTN\prototype\data\splits\cm1\manifest.json,"{'feature_family': 'metrics_only', 'num_features': 5}",5,tuned,1,Selected by recall then f1 using validation_threshold metrics within dataset under policy hybrid_validation_then_tuned,0.9458664655685425,tn,loc,iv_g,v_g,"loc,iv_g,v_g",,,,,,,,,,,,,,,,,,,,,,,,,,,,,,,,,,,,,
cm1,xgb,10.0,2.0,1.0,2.0,21.0,75.28,0.14,7.0,10.75,526.99,0.03,29.28,0.0,0.0,1.0,0.0,8.0,4.0,14.0,7.0,3.0,0,row_301,cm1,0.0465526208281517,0,0.75566166639328,True,tn,metrics_only,metrics_only,,False,paper-v1,error_analysis,cm1::xgb::tuned_best_table,cm1::xgb,2026-06-27T05:31:34,C:\Users\Dam Hieu\Desktop\CNDM - VIẾT BÁO + KLTN\prototype\results\tables\results_table.csv,C:\Users\Dam Hieu\Desktop\CNDM - VIẾT BÁO + KLTN\prototype\models\metrics_tuned\cm1\xgb_candidate2.joblib,saved_split,C:\Users\Dam Hieu\Desktop\CNDM - VIẾT BÁO + KLTN\prototype\data\splits\cm1\manifest.json,"{'feature_family': 'metrics_only', 'num_features': 5}",5,tuned,1,Selected by recall then f1 using validation_threshold metrics within dataset under policy hybrid_validation_then_tuned,0.9534474015235901,correct,loc,iv_g,v_g,"loc,iv_g,v_g",,,,,,,,,,,,,,,,,,,,,,,,,,,,,,,,,,,,,
cm1,xgb,7.0,2.0,1.0,2.0,25.0,102.19,0.16,6.19,16.52,632.28,0.03,35.13,0.0,2.0,2.0,0.0,9.0,8.0,14.0,11.0,3.0,0,row_231,cm1,0.0465526208281517,0,0.75566166639328,True,tn,metrics_only,metrics_only,,False,paper-v1,error_analysis,cm1::xgb::tuned_best_table,cm1::xgb,2026-06-27T05:31:34,C:\Users\Dam Hieu\Desktop\CNDM - VIẾT BÁO + KLTN\prototype\results\tables\results_table.csv,C:\Users\Dam Hieu\Desktop\CNDM - VIẾT BÁO + KLTN\prototype\models\metrics_tuned\cm1\xgb_candidate2.joblib,saved_split,C:\Users\Dam Hieu\Desktop\CNDM - VIẾT BÁO + KLTN\prototype\data\splits\cm1\manifest.json,"{'feature_family': 'metrics_only', 'num_features': 5}",5,tuned,1,Selected by recall then f1 using validation_threshold metrics within dataset under policy hybrid_validation_then_tuned,0.9534474015235901,correct,loc,iv_g,v_g,"loc,iv_g,v_g",,,,,,,,,,,,,,,,,,,,,,,,,,,,,,,,,,,,,
cm1,xgb,8.0,2.0,1.0,1.0,14.0,48.43,0.23,4.38,11.07,211.89,0.02,11.77,0.0,10.0,4.0,0.0,7.0,4.0,9.0,5.0,3.0,0,row_373,cm1,0.05413351207971573,0,0.75566166639328,True,tn,metrics_only,metrics_only,,False,paper-v1,error_analysis,cm1::xgb::tuned_best_table,cm1::xgb,2026-06-27T05:31:34,C:\Users\Dam Hieu\Desktop\CNDM - VIẾT BÁO + KLTN\prototype\results\tables\results_table.csv,C:\Users\Dam Hieu\Desktop\CNDM - VIẾT BÁO + KLTN\prototype\models\metrics_tuned\cm1\xgb_candidate2.joblib,saved_split,C:\Users\Dam Hieu\Desktop\CNDM - VIẾT BÁO + KLTN\prototype\data\splits\cm1\manifest.json,"{'feature_family': 'metrics_only', 'num_features': 5}",5,tuned,1,Selected by recall then f1 using validation_threshold metrics within dataset under policy hybrid_validation_then_tuned,0.9458664655685425,correct,loc,iv_g,v_g,"loc,iv_g,v_g",,,,,,,,,,,,,,,,,,,,,,,,,,,,,,,,,,,,,
cm1,xgb,9.0,2.0,1.0,1.0,53.0,232.79,0.06,17.06,13.64,3972.03,0.08,220.67,2.0,2.0,5.0,0.0,13.0,8.0,32.0,21.0,3.0,0,row_340,cm1,0.05413351207971573,0,0.75566166639328,True,tn,metrics_only,metrics_only,,False,paper-v1,error_analysis,cm1::xgb::tuned_best_table,cm1::xgb,2026-06-27T05:31:34,C:\Users\Dam Hieu\Desktop\CNDM - VIẾT BÁO + KLTN\prototype\results\tables\results_table.csv,C:\Users\Dam Hieu\Desktop\CNDM - VIẾT BÁO + KLTN\prototype\models\metrics_tuned\cm1\xgb_candidate2.joblib,saved_split,C:\Users\Dam Hieu\Desktop\CNDM - VIẾT BÁO + KLTN\prototype\data\splits\cm1\manifest.json,"{'feature_family': 'metrics_only', 'num_features': 5}",5,tuned,1,Selected by recall then f1 using validation_threshold metrics within dataset under policy hybrid_validation_then_tuned,0.9458664655685425,correct,loc,iv_g,v_g,"loc,iv_g,v_g",,,,,,,,,,,,,,,,,,,,,,,,,,,,,,,,,,,,,
cm1,xgb,11.0,2.0,1.0,1.0,28.0,121.01,0.16,6.11,19.8,739.53,0.04,41.08,0.0,2.0,5.0,0.0,11.0,9.0,18.0,10.0,3.0,0,row_412,cm1,0.05413351207971573,0,0.75566166639328,True,tn,metrics_only,metrics_only,,False,paper-v1,error_analysis,cm1::xgb::tuned_best_table,cm1::xgb,2026-06-27T05:31:34,C:\Users\Dam Hieu\Desktop\CNDM - VIẾT BÁO + KLTN\prototype\results\tables\results_table.csv,C:\Users\Dam Hieu\Desktop\CNDM - VIẾT BÁO + KLTN\prototype\models\metrics_tuned\cm1\xgb_candidate2.joblib,saved_split,C:\Users\Dam Hieu\Desktop\CNDM - VIẾT BÁO + KLTN\prototype\data\splits\cm1\manifest.json,"{'feature_family': 'metrics_only', 'num_features': 5}",5,tuned,1,Selected by recall then f1 using validation_threshold metrics within dataset under policy hybrid_validation_then_tuned,0.9458664655685425,correct,loc,iv_g,v_g,"loc,iv_g,v_g",,,,,,,,,,,,,,,,,,,,,,,,,,,,,,,,,,,,,
cm1,xgb,10.0,2.0,1.0,1.0,32.0,150.41,0.15,6.5,23.14,977.69,0.05,54.32,1.0,12.0,4.0,0.0,13.0,13.0,19.0,13.0,3.0,1,row_496,cm1,0.05413351207971573,0,0.75566166639328,False,fn,metrics_only,metrics_only,,False,paper-v1,error_analysis,cm1::xgb::tuned_best_table,cm1::xgb,2026-06-27T05:31:34,C:\Users\Dam Hieu\Desktop\CNDM - VIẾT BÁO + KLTN\prototype\results\tables\results_table.csv,C:\Users\Dam Hieu\Desktop\CNDM - VIẾT BÁO + KLTN\prototype\models\metrics_tuned\cm1\xgb_candidate2.joblib,saved_split,C:\Users\Dam Hieu\Desktop\CNDM - VIẾT BÁO + KLTN\prototype\data\splits\cm1\manifest.json,"{'feature_family': 'metrics_only', 'num_features': 5}",5,tuned,1,Selected by recall then f1 using validation_threshold metrics within dataset under policy hybrid_validation_then_tuned,0.9458664655685425,incorrect,loc,iv_g,v_g,"loc,iv_g,v_g",,,,,,,,,,,,,,,,,,,,,,,,,,,,,,,,,,,,,
cm1,xgb,127.0,10.0,1.0,10.0,737.0,5334.7,0.04,24.9,214.24,132838.37,1.78,7379.91,4.0,31.0,77.0,0.0,25.0,126.0,486.0,251.0,19.0,0,row_50,cm1,0.9134412407875061,1,0.75566166639328,False,fp,metrics_only,metrics_only,,False,paper-v1,error_analysis,cm1::xgb::tuned_best_table,cm1::xgb,2026-06-27T05:31:34,C:\Users\Dam Hieu\Desktop\CNDM - VIẾT BÁO + KLTN\prototype\results\tables\results_table.csv,C:\Users\Dam Hieu\Desktop\CNDM - VIẾT BÁO + KLTN\prototype\models\metrics_tuned\cm1\xgb_candidate2.joblib,saved_split,C:\Users\Dam Hieu\Desktop\CNDM - VIẾT BÁO + KLTN\prototype\data\splits\cm1\manifest.json,"{'feature_family': 'metrics_only', 'num_features': 5}",5,tuned,1,Selected by recall then f1 using validation_threshold metrics within dataset under policy hybrid_validation_then_tuned,0.9134412407875061,incorrect,loc,iv_g,v_g,"loc,iv_g,v_g",,,,,,,,,,,,,,,,,,,,,,,,,,,,,,,,,,,,,
cm1,xgb,7.0,1.0,1.0,1.0,30.0,122.62,0.18,5.63,21.8,689.76,0.04,38.32,0.0,0.0,0.0,0.0,9.0,8.0,20.0,10.0,1.0,1,row_485,cm1,0.08814793080091476,0,0.75566166639328,False,fn,metrics_only,metrics_only,,False,paper-v1,error_analysis,cm1::xgb::tuned_best_table,cm1::xgb,2026-06-27T05:31:34,C:\Users\Dam Hieu\Desktop\CNDM - VIẾT BÁO + KLTN\prototype\results\tables\results_table.csv,C:\Users\Dam Hieu\Desktop\CNDM - VIẾT BÁO + KLTN\prototype\models\metrics_tuned\cm1\xgb_candidate2.joblib,saved_split,C:\Users\Dam Hieu\Desktop\CNDM - VIẾT BÁO + KLTN\prototype\data\splits\cm1\manifest.json,"{'feature_family': 'metrics_only', 'num_features': 5}",5,tuned,1,Selected by recall then f1 using validation_threshold metrics within dataset under policy hybrid_validation_then_tuned,0.9118520617485046,incorrect,loc,iv_g,v_g,"loc,iv_g,v_g",,,,,,,,,,,,,,,,,,,,,,,,,,,,,,,,,,,,,
cm1,xgb,92.0,15.0,15.0,15.0,466.0,2643.35,0.02,57.0,46.37,150670.96,0.88,8370.61,27.0,41.0,67.0,0.0,19.0,32.0,274.0,192.0,29.0,0,row_188,cm1,0.7839438915252686,1,0.75566166639328,False,fp,metrics_only,metrics_only,,False,paper-v1,error_analysis,cm1::xgb::tuned_best_table,cm1::xgb,2026-06-27T05:31:34,C:\Users\Dam Hieu\Desktop\CNDM - VIẾT BÁO + KLTN\prototype\results\tables\results_table.csv,C:\Users\Dam Hieu\Desktop\CNDM - VIẾT BÁO + KLTN\prototype\models\metrics_tuned\cm1\xgb_candidate2.joblib,saved_split,C:\Users\Dam Hieu\Desktop\CNDM - VIẾT BÁO + KLTN\prototype\data\splits\cm1\manifest.json,"{'feature_family': 'metrics_only', 'num_features': 5}",5,tuned,1,Selected by recall then f1 using validation_threshold metrics within dataset under policy hybrid_validation_then_tuned,0.7839438915252686,incorrect,loc,iv_g,v_g,"loc,iv_g,v_g",,,,,,,,,,,,,,,,,,,,,,,,,,,,,,,,,,,,,
cm1,xgb,22.0,5.0,5.0,3.0,84.0,440.83,0.08,12.55,35.13,5531.32,0.15,307.3,0.0,17.0,9.0,0.0,17.0,21.0,53.0,31.0,9.0,1,row_477,cm1,0.21647976338863373,0,0.75566166639328,False,fn,metrics_only,metrics_only,,False,paper-v1,error_analysis,cm1::xgb::tuned_best_table,cm1::xgb,2026-06-27T05:31:34,C:\Users\Dam Hieu\Desktop\CNDM - VIẾT BÁO + KLTN\prototype\results\tables\results_table.csv,C:\Users\Dam Hieu\Desktop\CNDM - VIẾT BÁO + KLTN\prototype\models\metrics_tuned\cm1\xgb_candidate2.joblib,saved_split,C:\Users\Dam Hieu\Desktop\CNDM - VIẾT BÁO + KLTN\prototype\data\splits\cm1\manifest.json,"{'feature_family': 'metrics_only', 'num_features': 5}",5,tuned,1,Selected by recall then f1 using validation_threshold metrics within dataset under policy hybrid_validation_then_tuned,0.7835202217102051,incorrect,loc,iv_g,v_g,"loc,iv_g,v_g",,,,,,,,,,,,,,,,,,,,,,,,,,,,,,,,,,,,,
jitfine,rf,,,,,,,,,,,,,,,,,,,,,,1,0be1e18d9e61a33d2c865d0555f1a65ae14833da,ant-ivy,0.7266806004609504,1,0.5414569193062632,True,tp,metrics_plus_commit_text,metrics_plus_commit_text,commit_text,True,paper-v1,error_analysis,jitfine::rf::training,jitfine::rf,,C:\Users\Dam Hieu\Desktop\CNDM - VIẾT BÁO + KLTN\prototype\results\tables\hybrid_tfidf_results.csv,C:\Users\Dam Hieu\Desktop\CNDM - VIẾT BÁO + KLTN\prototype\models\hybrid_tfidf\rf_jitfine.joblib,jitline_native_split,,"{'feature_family': 'metrics_plus_commit_text', 'num_features': 1013}",1013,hybrid_tfidf,1,Selected by recall then f1 using validation metrics within dataset under policy hybrid_validation_then_tuned,0.7266806004609504,tp,la,entropy,nf,"la,entropy,nf",NEW : Support ivy . xml parent mechanism ( IVY - 742 ) ( thanks to Jason Trump and Jean - Louis Boudart ),1673.0,174.0,21.0,2.0,7.0,3.118465913678982,4.0,252.14285714285717,351.0,335.9417967372134,433.0,176.2978598237791,276.5,test,,,,,,,,,,,,,,,,,,,,,,
jitfine,rf,,,,,,,,,,,,,,,,,,,,,,1,eba2b2899787ef0476c1dd8852aba5b0adb4f5f3,commons-scxml,0.6917215130766602,1,0.5414569193062632,True,tp,metrics_plus_commit_text,metrics_plus_commit_text,commit_text,True,paper-v1,error_analysis,jitfine::rf::training,jitfine::rf,,C:\Users\Dam Hieu\Desktop\CNDM - VIẾT BÁO + KLTN\prototype\results\tables\hybrid_tfidf_results.csv,C:\Users\Dam Hieu\Desktop\CNDM - VIẾT BÁO + KLTN\prototype\models\hybrid_tfidf\rf_jitfine.joblib,jitline_native_split,,"{'feature_family': 'metrics_plus_commit_text', 'num_features': 1013}",1013,hybrid_tfidf,1,Selected by recall then f1 using validation metrics within dataset under policy hybrid_validation_then_tuned,0.6917215130766602,tp,la,entropy,nf,"la,entropy,nf","SCXML - 213 : Fixing the datamodel handling and bringing it more in line with the SCXML specification This is a very large commit as so many of the needed changes turned out to be interdependent , and committing these in separate logical steps simply wouldn't work without complete intermediate breakage of the build . For background and more high - level details concerning these changes , see : https : / / issues . apache . org / jira / browse / SCXML - 213 Important new features and changes : - complete replacing the JAXP xpath usage with Commons JXPath - re - implement the xpath Data ( ) builtin function and introducing the xpath Location ( ) builtin function - simplify ( strip ) the corresponding Builtin class and adding the XPathBuiltin to handle the xpath specific features separately - extend the Evaluator interface and corresponding language specific implementations to support all the SCXML spec < assign > xpath requirements using the XPathEvaluator - complete the < send > action implementation proper , and the default SimpleDispatcher implementation with it ( dropping the SimpleScheduler ) - implement the SCXML spec requirements for the ioprocessors services lookup and proper handling of internal / external SCXML I / O Event Processors - also largely improve the < invoke > implementation and execution , although there remains several things TODO for it to be fully SCXML spec compliant",2281.0,1435.0,57.0,1.0,19.0,4.968884967217268,3.0,52.63157894736842,275.0,98.34864339668614,82.0,51.494850085579806,82.0,test,,,,,,,,,,,,,,,,,,,,,,
jitfine,rf,,,,,,,,,,,,,,,,,,,,,,1,2e96cd40c91e1b40196d0d50a9e9c36e04b8465a,ant-ivy,0.6905867116700596,1,0.5414569193062632,True,tp,metrics_plus_commit_text,metrics_plus_commit_text,commit_text,True,paper-v1,error_analysis,jitfine::rf::training,jitfine::rf,,C:\Users\Dam Hieu\Desktop\CNDM - VIẾT BÁO + KLTN\prototype\results\tables\hybrid_tfidf_results.csv,C:\Users\Dam Hieu\Desktop\CNDM - VIẾT BÁO + KLTN\prototype\models\hybrid_tfidf\rf_jitfine.joblib,jitline_native_split,,"{'feature_family': 'metrics_plus_commit_text', 'num_features': 1013}",1013,hybrid_tfidf,1,Selected by recall then f1 using validation metrics within dataset under policy hybrid_validation_then_tuned,0.6905867116700596,tp,la,entropy,nf,"la,entropy,nf",FIX : Resolved Ivy properties written to cache during ivy : resolve incorrectly represents forced revisions ( IVY - 1159 ),162.0,21.0,5.0,2.0,4.0,1.5499417308856298,4.0,893.4,224.0,19.271969907407406,450.0,185.17492273139305,287.5,test,,,,,,,,,,,,,,,,,,,,,,
jitfine,rf,,,,,,,,,,,,,,,,,,,,,,1,4a133f5766c09362917e0416af503c0a00b24e87,giraph,0.6848434753678893,1,0.5414569193062632,True,tp,metrics_plus_commit_text,metrics_plus_commit_text,commit_text,True,paper-v1,error_analysis,jitfine::rf::training,jitfine::rf,,C:\Users\Dam Hieu\Desktop\CNDM - VIẾT BÁO + KLTN\prototype\results\tables\hybrid_tfidf_results.csv,C:\Users\Dam Hieu\Desktop\CNDM - VIẾT BÁO + KLTN\prototype\models\hybrid_tfidf\rf_jitfine.joblib,jitline_native_split,,"{'feature_family': 'metrics_plus_commit_text', 'num_features': 1013}",1013,hybrid_tfidf,1,Selected by recall then f1 using validation metrics within dataset under policy hybrid_validation_then_tuned,0.6848434753678893,tp,la,entropy,nf,"la,entropy,nf",GIRAPH - 908 : support for partitioned input in giraph ( pavanka ),3148.0,124.0,47.0,2.0,15.0,5.178154627956609,8.0,71.46808510638297,279.0,78.66204787234045,6.0,5.691518597542075,3.0,test,,,,,,,,,,,,,,,,,,,,,,
jitfine,rf,,,,,,,,,,,,,,,,,,,,,,1,535a333b7776f7a229b76c7656e928d8a21d21bc,giraph,0.6799715645213454,1,0.5414569193062632,True,tp,metrics_plus_commit_text,metrics_plus_commit_text,commit_text,True,paper-v1,error_analysis,jitfine::rf::training,jitfine::rf,,C:\Users\Dam Hieu\Desktop\CNDM - VIẾT BÁO + KLTN\prototype\results\tables\hybrid_tfidf_results.csv,C:\Users\Dam Hieu\Desktop\CNDM - VIẾT BÁO + KLTN\prototype\models\hybrid_tfidf\rf_jitfine.joblib,jitline_native_split,,"{'feature_family': 'metrics_plus_commit_text', 'num_features': 1013}",1013,hybrid_tfidf,1,Selected by recall then f1 using validation metrics within dataset under policy hybrid_validation_then_tuned,0.6799715645213454,tp,la,entropy,nf,"la,entropy,nf",GIRAPH - 907 : refactor giraph code to support multiple implementations of vertexId data ( pavanka ),1756.0,998.0,65.0,1.0,13.0,5.095621145872961,8.0,65.67692307692307,325.0,138.60399038461537,5.0,4.692866016944362,5.0,test,,,,,,,,,,,,,,,,,,,,,,
jitfine,rf,,,,,,,,,,,,,,,,,,,,,,1,dcf38a0d2a49b6b96c557aa4475f734a6ab2dc02,commons-configuration,0.28765688215005186,0,0.5414569193062632,False,fn,metrics_plus_commit_text,metrics_plus_commit_text,commit_text,True,paper-v1,error_analysis,jitfine::rf::training,jitfine::rf,,C:\Users\Dam Hieu\Desktop\CNDM - VIẾT BÁO + KLTN\prototype\results\tables\hybrid_tfidf_results.csv,C:\Users\Dam Hieu\Desktop\CNDM - VIẾT BÁO + KLTN\prototype\models\hybrid_tfidf\rf_jitfine.joblib,jitline_native_split,,"{'feature_family': 'metrics_plus_commit_text', 'num_features': 1013}",1013,hybrid_tfidf,1,Selected by recall then f1 using validation metrics within dataset under policy hybrid_validation_then_tuned,0.7123431178499482,fn,la,entropy,nf,"la,entropy,nf","Fixed Findbugs warning ""OBL UNSATISFIED OBLIGATION"" . The result set may not be closed . Now the official method for opening a result is used which stores the result set in an internal field and ensures that it gets closed later .",2.0,3.0,1.0,1.0,1.0,0.0,5.0,927.0,11.0,218.0406828703704,1786.0,523.316219065432,1786.0,test,,,,,,,,,,,,,,,,,,,,,,
jitfine,rf,,,,,,,,,,,,,,,,,,,,,,1,8543a0056a90f06bcc69d0052fcafea7131e689b,commons-math,0.2948153991140115,0,0.5414569193062632,False,fn,metrics_plus_commit_text,metrics_plus_commit_text,commit_text,True,paper-v1,error_analysis,jitfine::rf::training,jitfine::rf,,C:\Users\Dam Hieu\Desktop\CNDM - VIẾT BÁO + KLTN\prototype\results\tables\hybrid_tfidf_results.csv,C:\Users\Dam Hieu\Desktop\CNDM - VIẾT BÁO + KLTN\prototype\models\hybrid_tfidf\rf_jitfine.joblib,jitline_native_split,,"{'feature_family': 'metrics_plus_commit_text', 'num_features': 1013}",1013,hybrid_tfidf,1,Selected by recall then f1 using validation metrics within dataset under policy hybrid_validation_then_tuned,0.7051846008859886,fn,la,entropy,nf,"la,entropy,nf",Hard - coded number .,5.0,3.0,1.0,1.0,1.0,0.0,14.0,573.0,3.0,270.8943634259259,713.0,303.71273155748133,713.0,test,,,,,,,,,,,,,,,,,,,,,,
jitfine,rf,,,,,,,,,,,,,,,,,,,,,,1,82c95c5f951ec316a717d72a46e9f1f7792dc818,commons-jcs,0.2976675185636069,0,0.5414569193062632,False,fn,metrics_plus_commit_text,metrics_plus_commit_text,commit_text,True,paper-v1,error_analysis,jitfine::rf::training,jitfine::rf,,C:\Users\Dam Hieu\Desktop\CNDM - VIẾT BÁO + KLTN\prototype\results\tables\hybrid_tfidf_results.csv,C:\Users\Dam Hieu\Desktop\CNDM - VIẾT BÁO + KLTN\prototype\models\hybrid_tfidf\rf_jitfine.joblib,jitline_native_split,,"{'feature_family': 'metrics_plus_commit_text', 'num_features': 1013}",1013,hybrid_tfidf,1,Selected by recall then f1 using validation metrics within dataset under policy hybrid_validation_then_tuned,0.7023324814363932,fn,la,entropy,nf,"la,entropy,nf",JCS - 178 fixing RemoteCacheNoWaitFacade constructor logic,2.0,1.0,1.0,1.0,1.0,0.0,11.0,125.0,10.0,167.65574074074075,51.0,15.628702791595604,14.0,test,,,,,,,,,,,,,,,,,,,,,,
jitfine,rf,,,,,,,,,,,,,,,,,,,,,,1,67bc6ba3f34a4b98d518394df45f6e68e513d59b,commons-digester,0.3023862830075872,0,0.5414569193062632,False,fn,metrics_plus_commit_text,metrics_plus_commit_text,commit_text,True,paper-v1,error_analysis,jitfine::rf::training,jitfine::rf,,C:\Users\Dam Hieu\Desktop\CNDM - VIẾT BÁO + KLTN\prototype\results\tables\hybrid_tfidf_results.csv,C:\Users\Dam Hieu\Desktop\CNDM - VIẾT BÁO + KLTN\prototype\models\hybrid_tfidf\rf_jitfine.joblib,jitline_native_split,,"{'feature_family': 'metrics_plus_commit_text', 'num_features': 1013}",1013,hybrid_tfidf,1,Selected by recall then f1 using validation metrics within dataset under policy hybrid_validation_then_tuned,0.6976137169924128,fn,la,entropy,nf,"la,entropy,nf",[ DIGESTER - 170 ] Digester . pop ( String ) throws EmptyStackException where API doc says it returns null,13.0,8.0,1.0,1.0,1.0,0.0,1.0,0.0,1.0,209.16233796296297,955.0,417.9416807007551,17.0,test,,,,,,,,,,,,,,,,,,,,,,
jitfine,rf,,,,,,,,,,,,,,,,,,,,,,1,b925070f3842ac0ae2cd816d7dc99233e7a6ddce,commons-dbcp,0.30250515725334043,0,0.5414569193062632,False,fn,metrics_plus_commit_text,metrics_plus_commit_text,commit_text,True,paper-v1,error_analysis,jitfine::rf::training,jitfine::rf,,C:\Users\Dam Hieu\Desktop\CNDM - VIẾT BÁO + KLTN\prototype\results\tables\hybrid_tfidf_results.csv,C:\Users\Dam Hieu\Desktop\CNDM - VIẾT BÁO + KLTN\prototype\models\hybrid_tfidf\rf_jitfine.joblib,jitline_native_split,,"{'feature_family': 'metrics_plus_commit_text', 'num_features': 1013}",1013,hybrid_tfidf,1,Selected by recall then f1 using validation metrics within dataset under policy hybrid_validation_then_tuned,0.6974948427466596,fn,la,entropy,nf,"la,entropy,nf",Java 7 < >,2.0,3.0,1.0,1.0,1.0,0.0,8.0,-11.0,8.0,0.0684606481481481,141.0,46.49752501148893,139.0,test,,,,,,,,,,,,,,,,,,,,,,
jitfine,rf,,,,,,,,,,,,,,,,,,,,,,0,6607bdcb3ba69d2ab4f41be6292cc5a6df6365ba,ant-ivy,0.7085034814833281,1,0.5414569193062632,False,fp,metrics_plus_commit_text,metrics_plus_commit_text,commit_text,True,paper-v1,error_analysis,jitfine::rf::training,jitfine::rf,,C:\Users\Dam Hieu\Desktop\CNDM - VIẾT BÁO + KLTN\prototype\results\tables\hybrid_tfidf_results.csv,C:\Users\Dam Hieu\Desktop\CNDM - VIẾT BÁO + KLTN\prototype\models\hybrid_tfidf\rf_jitfine.joblib,jitline_native_split,,"{'feature_family': 'metrics_plus_commit_text', 'num_features': 1013}",1013,hybrid_tfidf,1,Selected by recall then f1 using validation metrics within dataset under policy hybrid_validation_then_tuned,0.7085034814833281,fp,la,entropy,nf,"la,entropy,nf",IVY - 735 Support timeouts on resolvers This closes #54 pull request at github / apache / ant - ivy,1284.0,282.0,47.0,2.0,23.0,4.386086284417665,10.0,242.1914893617021,1010.0,141.54115519109544,20.0,17.373468168836535,17.5,test,,,,,,,,,,,,,,,,,,,,,,
jitfine,rf,,,,,,,,,,,,,,,,,,,,,,0,bca350df1f52134e8543774dd5df4c5dfae357cb,ant-ivy,0.7010007237746909,1,0.5414569193062632,False,fp,metrics_plus_commit_text,metrics_plus_commit_text,commit_text,True,paper-v1,error_analysis,jitfine::rf::training,jitfine::rf,,C:\Users\Dam Hieu\Desktop\CNDM - VIẾT BÁO + KLTN\prototype\results\tables\hybrid_tfidf_results.csv,C:\Users\Dam Hieu\Desktop\CNDM - VIẾT BÁO + KLTN\prototype\models\hybrid_tfidf\rf_jitfine.joblib,jitline_native_split,,"{'feature_family': 'metrics_plus_commit_text', 'num_features': 1013}",1013,hybrid_tfidf,1,Selected by recall then f1 using validation metrics within dataset under policy hybrid_validation_then_tuned,0.7010007237746909,fp,la,entropy,nf,"la,entropy,nf",- IMPROVEMENT : New LockStrategy available based on NIO FileLocks ( IVY - 1424 ) - FIX : NIO FileLocker released locks too early ( IVY - 1424 ) ( thanks to Charles Duffy ),88.0,37.0,6.0,2.0,3.0,2.1710692754620617,5.0,337.0,91.0,402.3931288580248,625.0,145.5404202249474,392.0,test,,,,,,,,,,,,,,,,,,,,,,
jitfine,rf,,,,,,,,,,,,,,,,,,,,,,0,e83ed048d46b0a55c651bfa3207ac1747a07ba00,ant-ivy,0.6908447711041628,1,0.5414569193062632,False,fp,metrics_plus_commit_text,metrics_plus_commit_text,commit_text,True,paper-v1,error_analysis,jitfine::rf::training,jitfine::rf,,C:\Users\Dam Hieu\Desktop\CNDM - VIẾT BÁO + KLTN\prototype\results\tables\hybrid_tfidf_results.csv,C:\Users\Dam Hieu\Desktop\CNDM - VIẾT BÁO + KLTN\prototype\models\hybrid_tfidf\rf_jitfine.joblib,jitline_native_split,,"{'feature_family': 'metrics_plus_commit_text', 'num_features': 1013}",1013,hybrid_tfidf,1,Selected by recall then f1 using validation metrics within dataset under policy hybrid_validation_then_tuned,0.6908447711041628,fp,la,entropy,nf,"la,entropy,nf",IVY - 1252 : symlinkmass feature based on symlink feature of ivy : retrieve ( Thanks to Gene Smith ),161.0,24.0,6.0,2.0,5.0,2.0083513186473514,5.0,333.8333333333333,154.0,385.4978375771605,122.0,65.45032207517691,82.5,test,,,,,,,,,,,,,,,,,,,,,,
jitfine,rf,,,,,,,,,,,,,,,,,,,,,,0,ae27582d1ba0cb6c2b18d30a81cb1b82033069c3,ant-ivy,0.6886790717883928,1,0.5414569193062632,False,fp,metrics_plus_commit_text,metrics_plus_commit_text,commit_text,True,paper-v1,error_analysis,jitfine::rf::training,jitfine::rf,,C:\Users\Dam Hieu\Desktop\CNDM - VIẾT BÁO + KLTN\prototype\results\tables\hybrid_tfidf_results.csv,C:\Users\Dam Hieu\Desktop\CNDM - VIẾT BÁO + KLTN\prototype\models\hybrid_tfidf\rf_jitfine.joblib,jitline_native_split,,"{'feature_family': 'metrics_plus_commit_text', 'num_features': 1013}",1013,hybrid_tfidf,1,Selected by recall then f1 using validation metrics within dataset under policy hybrid_validation_then_tuned,0.6886790717883928,fp,la,entropy,nf,"la,entropy,nf",IVY - 735 Don't force existing implementations of URLHandler to understand timeout constraints feature which was recently introduced,216.0,146.0,15.0,2.0,8.0,2.3738655109710107,10.0,373.53333333333336,486.0,68.33427006172839,36.0,22.31903922137859,29.5,test,,,,,,,,,,,,,,,,,,,,,,
jitfine,rf,,,,,,,,,,,,,,,,,,,,,,0,8d851390736dcb916646b043a5ed7ff8f212e37c,ant-ivy,0.6860401817748202,1,0.5414569193062632,False,fp,metrics_plus_commit_text,metrics_plus_commit_text,commit_text,True,paper-v1,error_analysis,jitfine::rf::training,jitfine::rf,,C:\Users\Dam Hieu\Desktop\CNDM - VIẾT BÁO + KLTN\prototype\results\tables\hybrid_tfidf_results.csv,C:\Users\Dam Hieu\Desktop\CNDM - VIẾT BÁO + KLTN\prototype\models\hybrid_tfidf\rf_jitfine.joblib,jitline_native_split,,"{'feature_family': 'metrics_plus_commit_text', 'num_features': 1013}",1013,hybrid_tfidf,1,Selected by recall then f1 using validation metrics within dataset under policy hybrid_validation_then_tuned,0.6860401817748202,fp,la,entropy,nf,"la,entropy,nf","FIX : regression introduced by IVY - 1457 , dependency management wasn't properly handled introducing lots of resolution failures",123.0,30.0,9.0,2.0,7.0,2.071786907944176,6.0,345.6666666666667,354.0,77.22566615226339,16.0,10.092831019561432,13.0,test,,,,,,,,,,,,,,,,,,,,,,
jitfine,rf,,,,,,,,,,,,,,,,,,,,,,0,d2274baf423727ab95cfd07e6d8c8a20a73b49ad,commons-configuration,0.1927788113786108,0,0.5414569193062632,True,tn,metrics_plus_commit_text,metrics_plus_commit_text,commit_text,True,paper-v1,error_analysis,jitfine::rf::training,jitfine::rf,,C:\Users\Dam Hieu\Desktop\CNDM - VIẾT BÁO + KLTN\prototype\results\tables\hybrid_tfidf_results.csv,C:\Users\Dam Hieu\Desktop\CNDM - VIẾT BÁO + KLTN\prototype\models\hybrid_tfidf\rf_jitfine.joblib,jitline_native_split,,"{'feature_family': 'metrics_plus_commit_text', 'num_features': 1013}",1013,hybrid_tfidf,1,Selected by recall then f1 using validation metrics within dataset under policy hybrid_validation_then_tuned,0.8072211886213891,tn,la,entropy,nf,"la,entropy,nf",[ CONFIGURATION - 200 ] Added tests for size ( ) to base test class .,12.0,0.0,1.0,1.0,1.0,0.0,5.0,219.0,5.0,87.12450231481482,1771.0,591.7058580724085,1771.0,test,,,,,,,,,,,,,,,,,,,,,,
jitfine,rf,,,,,,,,,,,,,,,,,,,,,,0,0516bc683eff01ab32a09f7b6dab57bc5725579c,commons-configuration,0.2222151175861742,0,0.5414569193062632,True,tn,metrics_plus_commit_text,metrics_plus_commit_text,commit_text,True,paper-v1,error_analysis,jitfine::rf::training,jitfine::rf,,C:\Users\Dam Hieu\Desktop\CNDM - VIẾT BÁO + KLTN\prototype\results\tables\hybrid_tfidf_results.csv,C:\Users\Dam Hieu\Desktop\CNDM - VIẾT BÁO + KLTN\prototype\models\hybrid_tfidf\rf_jitfine.joblib,jitline_native_split,,"{'feature_family': 'metrics_plus_commit_text', 'num_features': 1013}",1013,hybrid_tfidf,1,Selected by recall then f1 using validation metrics within dataset under policy hybrid_validation_then_tuned,0.7777848824138258,tn,la,entropy,nf,"la,entropy,nf","Fixed failing test case . ImmutableNode has been made final ; thus , it can no longer be mocked .",3.0,3.0,1.0,1.0,1.0,0.0,5.0,80.0,1.0,245.99094907407408,1877.0,597.9856193910479,1877.0,test,,,,,,,,,,,,,,,,,,,,,,
jitfine,rf,,,,,,,,,,,,,,,,,,,,,,0,32afb6a8bff7fb5c630ecf0c610ca8f5bc2f62b3,opennlp,0.22352635630237808,0,0.5414569193062632,True,tn,metrics_plus_commit_text,metrics_plus_commit_text,commit_text,True,paper-v1,error_analysis,jitfine::rf::training,jitfine::rf,,C:\Users\Dam Hieu\Desktop\CNDM - VIẾT BÁO + KLTN\prototype\results\tables\hybrid_tfidf_results.csv,C:\Users\Dam Hieu\Desktop\CNDM - VIẾT BÁO + KLTN\prototype\models\hybrid_tfidf\rf_jitfine.joblib,jitline_native_split,,"{'feature_family': 'metrics_plus_commit_text', 'num_features': 1013}",1013,hybrid_tfidf,1,Selected by recall then f1 using validation metrics within dataset under policy hybrid_validation_then_tuned,0.776473643697622,tn,la,entropy,nf,"la,entropy,nf",OPENNLP - 1041 : Verify test data before running tests,3.0,2.0,1.0,1.0,1.0,0.0,11.0,351.0,5.0,92.33625,658.0,176.9148065167686,552.0,test,,,,,,,,,,,,,,,,,,,,,,
jitfine,rf,,,,,,,,,,,,,,,,,,,,,,0,cfce62427386671fb8d29c4810bbf627fe79785f,commons-configuration,0.2237573526250259,0,0.5414569193062632,True,tn,metrics_plus_commit_text,metrics_plus_commit_text,commit_text,True,paper-v1,error_analysis,jitfine::rf::training,jitfine::rf,,C:\Users\Dam Hieu\Desktop\CNDM - VIẾT BÁO + KLTN\prototype\results\tables\hybrid_tfidf_results.csv,C:\Users\Dam Hieu\Desktop\CNDM - VIẾT BÁO + KLTN\prototype\models\hybrid_tfidf\rf_jitfine.joblib,jitline_native_split,,"{'feature_family': 'metrics_plus_commit_text', 'num_features': 1013}",1013,hybrid_tfidf,1,Selected by recall then f1 using validation metrics within dataset under policy hybrid_validation_then_tuned,0.7762426473749741,tn,la,entropy,nf,"la,entropy,nf","Updated test class for BaseEventSource . Removed tests for deprecated functionality , renamed test methods , fixed some warnings .",16.0,108.0,1.0,1.0,1.0,0.0,3.0,83.0,12.0,0.0002893518518518,1677.0,627.0791811926788,1677.0,test,,,,,,,,,,,,,,,,,,,,,,
jitfine,rf,,,,,,,,,,,,,,,,,,,,,,0,5acfcd51b6282e3d8378a49032da149519bd0350,commons-digester,0.22487387212987017,0,0.5414569193062632,True,tn,metrics_plus_commit_text,metrics_plus_commit_text,commit_text,True,paper-v1,error_analysis,jitfine::rf::training,jitfine::rf,,C:\Users\Dam Hieu\Desktop\CNDM - VIẾT BÁO + KLTN\prototype\results\tables\hybrid_tfidf_results.csv,C:\Users\Dam Hieu\Desktop\CNDM - VIẾT BÁO + KLTN\prototype\models\hybrid_tfidf\rf_jitfine.joblib,jitline_native_split,,"{'feature_family': 'metrics_plus_commit_text', 'num_features': 1013}",1013,hybrid_tfidf,1,Selected by recall then f1 using validation metrics within dataset under policy hybrid_validation_then_tuned,0.7751261278701298,tn,la,entropy,nf,"la,entropy,nf",restored basicConstructorWithWrongParameters ( ) test method,3.0,2.0,1.0,1.0,1.0,0.0,7.0,202.0,8.0,0.0065162037037037,888.0,554.3188010950444,888.0,test,,,,,,,,,,,,,,,,,,,,,,
jitfine,rf,,,,,,,,,,,,,,,,,,,,,,0,d2274baf423727ab95cfd07e6d8c8a20a73b49ad,commons-configuration,0.1927788113786108,0,0.5414569193062632,True,tn,metrics_plus_commit_text,metrics_plus_commit_text,commit_text,True,paper-v1,error_analysis,jitfine::rf::training,jitfine::rf,,C:\Users\Dam Hieu\Desktop\CNDM - VIẾT BÁO + KLTN\prototype\results\tables\hybrid_tfidf_results.csv,C:\Users\Dam Hieu\Desktop\CNDM - VIẾT BÁO + KLTN\prototype\models\hybrid_tfidf\rf_jitfine.joblib,jitline_native_split,,"{'feature_family': 'metrics_plus_commit_text', 'num_features': 1013}",1013,hybrid_tfidf,1,Selected by recall then f1 using validation metrics within dataset under policy hybrid_validation_then_tuned,0.8072211886213891,correct,la,entropy,nf,"la,entropy,nf",[ CONFIGURATION - 200 ] Added tests for size ( ) to base test class .,12.0,0.0,1.0,1.0,1.0,0.0,5.0,219.0,5.0,87.12450231481482,1771.0,591.7058580724085,1771.0,test,,,,,,,,,,,,,,,,,,,,,,
jitfine,rf,,,,,,,,,,,,,,,,,,,,,,0,0516bc683eff01ab32a09f7b6dab57bc5725579c,commons-configuration,0.2222151175861742,0,0.5414569193062632,True,tn,metrics_plus_commit_text,metrics_plus_commit_text,commit_text,True,paper-v1,error_analysis,jitfine::rf::training,jitfine::rf,,C:\Users\Dam Hieu\Desktop\CNDM - VIẾT BÁO + KLTN\prototype\results\tables\hybrid_tfidf_results.csv,C:\Users\Dam Hieu\Desktop\CNDM - VIẾT BÁO + KLTN\prototype\models\hybrid_tfidf\rf_jitfine.joblib,jitline_native_split,,"{'feature_family': 'metrics_plus_commit_text', 'num_features': 1013}",1013,hybrid_tfidf,1,Selected by recall then f1 using validation metrics within dataset under policy hybrid_validation_then_tuned,0.7777848824138258,correct,la,entropy,nf,"la,entropy,nf","Fixed failing test case . ImmutableNode has been made final ; thus , it can no longer be mocked .",3.0,3.0,1.0,1.0,1.0,0.0,5.0,80.0,1.0,245.99094907407408,1877.0,597.9856193910479,1877.0,test,,,,,,,,,,,,,,,,,,,,,,
jitfine,rf,,,,,,,,,,,,,,,,,,,,,,0,32afb6a8bff7fb5c630ecf0c610ca8f5bc2f62b3,opennlp,0.22352635630237808,0,0.5414569193062632,True,tn,metrics_plus_commit_text,metrics_plus_commit_text,commit_text,True,paper-v1,error_analysis,jitfine::rf::training,jitfine::rf,,C:\Users\Dam Hieu\Desktop\CNDM - VIẾT BÁO + KLTN\prototype\results\tables\hybrid_tfidf_results.csv,C:\Users\Dam Hieu\Desktop\CNDM - VIẾT BÁO + KLTN\prototype\models\hybrid_tfidf\rf_jitfine.joblib,jitline_native_split,,"{'feature_family': 'metrics_plus_commit_text', 'num_features': 1013}",1013,hybrid_tfidf,1,Selected by recall then f1 using validation metrics within dataset under policy hybrid_validation_then_tuned,0.776473643697622,correct,la,entropy,nf,"la,entropy,nf",OPENNLP - 1041 : Verify test data before running tests,3.0,2.0,1.0,1.0,1.0,0.0,11.0,351.0,5.0,92.33625,658.0,176.9148065167686,552.0,test,,,,,,,,,,,,,,,,,,,,,,
jitfine,rf,,,,,,,,,,,,,,,,,,,,,,0,cfce62427386671fb8d29c4810bbf627fe79785f,commons-configuration,0.2237573526250259,0,0.5414569193062632,True,tn,metrics_plus_commit_text,metrics_plus_commit_text,commit_text,True,paper-v1,error_analysis,jitfine::rf::training,jitfine::rf,,C:\Users\Dam Hieu\Desktop\CNDM - VIẾT BÁO + KLTN\prototype\results\tables\hybrid_tfidf_results.csv,C:\Users\Dam Hieu\Desktop\CNDM - VIẾT BÁO + KLTN\prototype\models\hybrid_tfidf\rf_jitfine.joblib,jitline_native_split,,"{'feature_family': 'metrics_plus_commit_text', 'num_features': 1013}",1013,hybrid_tfidf,1,Selected by recall then f1 using validation metrics within dataset under policy hybrid_validation_then_tuned,0.7762426473749741,correct,la,entropy,nf,"la,entropy,nf","Updated test class for BaseEventSource . Removed tests for deprecated functionality , renamed test methods , fixed some warnings .",16.0,108.0,1.0,1.0,1.0,0.0,3.0,83.0,12.0,0.0002893518518518,1677.0,627.0791811926788,1677.0,test,,,,,,,,,,,,,,,,,,,,,,
jitfine,rf,,,,,,,,,,,,,,,,,,,,,,0,5acfcd51b6282e3d8378a49032da149519bd0350,commons-digester,0.22487387212987017,0,0.5414569193062632,True,tn,metrics_plus_commit_text,metrics_plus_commit_text,commit_text,True,paper-v1,error_analysis,jitfine::rf::training,jitfine::rf,,C:\Users\Dam Hieu\Desktop\CNDM - VIẾT BÁO + KLTN\prototype\results\tables\hybrid_tfidf_results.csv,C:\Users\Dam Hieu\Desktop\CNDM - VIẾT BÁO + KLTN\prototype\models\hybrid_tfidf\rf_jitfine.joblib,jitline_native_split,,"{'feature_family': 'metrics_plus_commit_text', 'num_features': 1013}",1013,hybrid_tfidf,1,Selected by recall then f1 using validation metrics within dataset under policy hybrid_validation_then_tuned,0.7751261278701298,correct,la,entropy,nf,"la,entropy,nf",restored basicConstructorWithWrongParameters ( ) test method,3.0,2.0,1.0,1.0,1.0,0.0,7.0,202.0,8.0,0.0065162037037037,888.0,554.3188010950444,888.0,test,,,,,,,,,,,,,,,,,,,,,,
jitfine,rf,,,,,,,,,,,,,,,,,,,,,,1,dcf38a0d2a49b6b96c557aa4475f734a6ab2dc02,commons-configuration,0.28765688215005186,0,0.5414569193062632,False,fn,metrics_plus_commit_text,metrics_plus_commit_text,commit_text,True,paper-v1,error_analysis,jitfine::rf::training,jitfine::rf,,C:\Users\Dam Hieu\Desktop\CNDM - VIẾT BÁO + KLTN\prototype\results\tables\hybrid_tfidf_results.csv,C:\Users\Dam Hieu\Desktop\CNDM - VIẾT BÁO + KLTN\prototype\models\hybrid_tfidf\rf_jitfine.joblib,jitline_native_split,,"{'feature_family': 'metrics_plus_commit_text', 'num_features': 1013}",1013,hybrid_tfidf,1,Selected by recall then f1 using validation metrics within dataset under policy hybrid_validation_then_tuned,0.7123431178499482,incorrect,la,entropy,nf,"la,entropy,nf","Fixed Findbugs warning ""OBL UNSATISFIED OBLIGATION"" . The result set may not be closed . Now the official method for opening a result is used which stores the result set in an internal field and ensures that it gets closed later .",2.0,3.0,1.0,1.0,1.0,0.0,5.0,927.0,11.0,218.0406828703704,1786.0,523.316219065432,1786.0,test,,,,,,,,,,,,,,,,,,,,,,
jitfine,rf,,,,,,,,,,,,,,,,,,,,,,0,6607bdcb3ba69d2ab4f41be6292cc5a6df6365ba,ant-ivy,0.7085034814833281,1,0.5414569193062632,False,fp,metrics_plus_commit_text,metrics_plus_commit_text,commit_text,True,paper-v1,error_analysis,jitfine::rf::training,jitfine::rf,,C:\Users\Dam Hieu\Desktop\CNDM - VIẾT BÁO + KLTN\prototype\results\tables\hybrid_tfidf_results.csv,C:\Users\Dam Hieu\Desktop\CNDM - VIẾT BÁO + KLTN\prototype\models\hybrid_tfidf\rf_jitfine.joblib,jitline_native_split,,"{'feature_family': 'metrics_plus_commit_text', 'num_features': 1013}",1013,hybrid_tfidf,1,Selected by recall then f1 using validation metrics within dataset under policy hybrid_validation_then_tuned,0.7085034814833281,incorrect,la,entropy,nf,"la,entropy,nf",IVY - 735 Support timeouts on resolvers This closes #54 pull request at github / apache / ant - ivy,1284.0,282.0,47.0,2.0,23.0,4.386086284417665,10.0,242.1914893617021,1010.0,141.54115519109544,20.0,17.373468168836535,17.5,test,,,,,,,,,,,,,,,,,,,,,,
jitfine,rf,,,,,,,,,,,,,,,,,,,,,,1,8543a0056a90f06bcc69d0052fcafea7131e689b,commons-math,0.2948153991140115,0,0.5414569193062632,False,fn,metrics_plus_commit_text,metrics_plus_commit_text,commit_text,True,paper-v1,error_analysis,jitfine::rf::training,jitfine::rf,,C:\Users\Dam Hieu\Desktop\CNDM - VIẾT BÁO + KLTN\prototype\results\tables\hybrid_tfidf_results.csv,C:\Users\Dam Hieu\Desktop\CNDM - VIẾT BÁO + KLTN\prototype\models\hybrid_tfidf\rf_jitfine.joblib,jitline_native_split,,"{'feature_family': 'metrics_plus_commit_text', 'num_features': 1013}",1013,hybrid_tfidf,1,Selected by recall then f1 using validation metrics within dataset under policy hybrid_validation_then_tuned,0.7051846008859886,incorrect,la,entropy,nf,"la,entropy,nf",Hard - coded number .,5.0,3.0,1.0,1.0,1.0,0.0,14.0,573.0,3.0,270.8943634259259,713.0,303.71273155748133,713.0,test,,,,,,,,,,,,,,,,,,,,,,
jitfine,rf,,,,,,,,,,,,,,,,,,,,,,1,82c95c5f951ec316a717d72a46e9f1f7792dc818,commons-jcs,0.2976675185636069,0,0.5414569193062632,False,fn,metrics_plus_commit_text,metrics_plus_commit_text,commit_text,True,paper-v1,error_analysis,jitfine::rf::training,jitfine::rf,,C:\Users\Dam Hieu\Desktop\CNDM - VIẾT BÁO + KLTN\prototype\results\tables\hybrid_tfidf_results.csv,C:\Users\Dam Hieu\Desktop\CNDM - VIẾT BÁO + KLTN\prototype\models\hybrid_tfidf\rf_jitfine.joblib,jitline_native_split,,"{'feature_family': 'metrics_plus_commit_text', 'num_features': 1013}",1013,hybrid_tfidf,1,Selected by recall then f1 using validation metrics within dataset under policy hybrid_validation_then_tuned,0.7023324814363932,incorrect,la,entropy,nf,"la,entropy,nf",JCS - 178 fixing RemoteCacheNoWaitFacade constructor logic,2.0,1.0,1.0,1.0,1.0,0.0,11.0,125.0,10.0,167.65574074074075,51.0,15.628702791595604,14.0,test,,,,,,,,,,,,,,,,,,,,,,
jitfine,rf,,,,,,,,,,,,,,,,,,,,,,0,bca350df1f52134e8543774dd5df4c5dfae357cb,ant-ivy,0.7010007237746909,1,0.5414569193062632,False,fp,metrics_plus_commit_text,metrics_plus_commit_text,commit_text,True,paper-v1,error_analysis,jitfine::rf::training,jitfine::rf,,C:\Users\Dam Hieu\Desktop\CNDM - VIẾT BÁO + KLTN\prototype\results\tables\hybrid_tfidf_results.csv,C:\Users\Dam Hieu\Desktop\CNDM - VIẾT BÁO + KLTN\prototype\models\hybrid_tfidf\rf_jitfine.joblib,jitline_native_split,,"{'feature_family': 'metrics_plus_commit_text', 'num_features': 1013}",1013,hybrid_tfidf,1,Selected by recall then f1 using validation metrics within dataset under policy hybrid_validation_then_tuned,0.7010007237746909,incorrect,la,entropy,nf,"la,entropy,nf",- IMPROVEMENT : New LockStrategy available based on NIO FileLocks ( IVY - 1424 ) - FIX : NIO FileLocker released locks too early ( IVY - 1424 ) ( thanks to Charles Duffy ),88.0,37.0,6.0,2.0,3.0,2.1710692754620617,5.0,337.0,91.0,402.3931288580248,625.0,145.5404202249474,392.0,test,,,,,,,,,,,,,,,,,,,,,,
jm1,xgb,324.0,76.0,17.0,41.0,1095.0,7936.48,0.02,55.45,143.13,440084.36,2.65,24449.13,277.0,9.0,32.0,0.0,30.0,122.0,646.0,451.0,151.0,1,row_1903,jm1,0.9823983311653137,1,0.5167627930641174,True,tp,metrics_only,metrics_only,,False,paper-v1,error_analysis,jm1::xgb::tuned_best_table,jm1::xgb,2026-06-27T05:31:34,C:\Users\Dam Hieu\Desktop\CNDM - VIẾT BÁO + KLTN\prototype\results\tables\results_table.csv,C:\Users\Dam Hieu\Desktop\CNDM - VIẾT BÁO + KLTN\prototype\models\metrics_tuned\jm1\xgb_candidate2.joblib,saved_split,C:\Users\Dam Hieu\Desktop\CNDM - VIẾT BÁO + KLTN\prototype\data\splits\jm1\manifest.json,"{'feature_family': 'metrics_only', 'num_features': 5}",5,tuned,1,Selected by recall then f1 using validation_threshold metrics within dataset under policy hybrid_validation_then_tuned,0.9823983311653137,tp,loc,branchCount,v_g,"loc,branchCount,v_g",,,,,,,,,,,,,,,,,,,,,,,,,,,,,,,,,,,,,
jm1,xgb,1129.0,128.0,14.0,104.0,0.0,0.0,0.0,0.0,0.0,0.0,0.0,0.0,0.0,0.0,0.0,0.0,0.0,0.0,0.0,0.0,211.0,1,row_2102,jm1,0.9743709564208984,1,0.5167627930641174,True,tp,metrics_only,metrics_only,,False,paper-v1,error_analysis,jm1::xgb::tuned_best_table,jm1::xgb,2026-06-27T05:31:34,C:\Users\Dam Hieu\Desktop\CNDM - VIẾT BÁO + KLTN\prototype\results\tables\results_table.csv,C:\Users\Dam Hieu\Desktop\CNDM - VIẾT BÁO + KLTN\prototype\models\metrics_tuned\jm1\xgb_candidate2.joblib,saved_split,C:\Users\Dam Hieu\Desktop\CNDM - VIẾT BÁO + KLTN\prototype\data\splits\jm1\manifest.json,"{'feature_family': 'metrics_only', 'num_features': 5}",5,tuned,1,Selected by recall then f1 using validation_threshold metrics within dataset under policy hybrid_validation_then_tuned,0.9743709564208984,tp,loc,branchCount,v_g,"loc,branchCount,v_g",,,,,,,,,,,,,,,,,,,,,,,,,,,,,,,,,,,,,
jm1,xgb,1824.0,268.0,39.0,219.0,4828.0,43342.31,0.0,213.53,202.98,9254819.86,14.45,514156.64,1588.0,58.0,164.0,10.0,102.0,407.0,3172.0,1730.0,485.0,1,row_2099,jm1,0.9707497954368591,1,0.5167627930641174,True,tp,metrics_only,metrics_only,,False,paper-v1,error_analysis,jm1::xgb::tuned_best_table,jm1::xgb,2026-06-27T05:31:34,C:\Users\Dam Hieu\Desktop\CNDM - VIẾT BÁO + KLTN\prototype\results\tables\results_table.csv,C:\Users\Dam Hieu\Desktop\CNDM - VIẾT BÁO + KLTN\prototype\models\metrics_tuned\jm1\xgb_candidate2.joblib,saved_split,C:\Users\Dam Hieu\Desktop\CNDM - VIẾT BÁO + KLTN\prototype\data\splits\jm1\manifest.json,"{'feature_family': 'metrics_only', 'num_features': 5}",5,tuned,1,Selected by recall then f1 using validation_threshold metrics within dataset under policy hybrid_validation_then_tuned,0.9707497954368591,tp,loc,branchCount,v_g,"loc,branchCount,v_g",,,,,,,,,,,,,,,,,,,,,,,,,,,,,,,,,,,,,
jm1,xgb,3442.0,470.0,113.0,385.0,8441.0,80843.08,0.0,384.45,210.28,31079782.27,26.95,1726654.57,2824.0,157.0,447.0,12.0,155.0,609.0,5420.0,3021.0,826.0,1,row_2103,jm1,0.9552015662193298,1,0.5167627930641174,True,tp,metrics_only,metrics_only,,False,paper-v1,error_analysis,jm1::xgb::tuned_best_table,jm1::xgb,2026-06-27T05:31:34,C:\Users\Dam Hieu\Desktop\CNDM - VIẾT BÁO + KLTN\prototype\results\tables\results_table.csv,C:\Users\Dam Hieu\Desktop\CNDM - VIẾT BÁO + KLTN\prototype\models\metrics_tuned\jm1\xgb_candidate2.joblib,saved_split,C:\Users\Dam Hieu\Desktop\CNDM - VIẾT BÁO + KLTN\prototype\data\splits\jm1\manifest.json,"{'feature_family': 'metrics_only', 'num_features': 5}",5,tuned,1,Selected by recall then f1 using validation_threshold metrics within dataset under policy hybrid_validation_then_tuned,0.9552015662193298,tp,loc,branchCount,v_g,"loc,branchCount,v_g",,,,,,,,,,,,,,,,,,,,,,,,,,,,,,,,,,,,,
jm1,xgb,355.0,88.0,66.0,82.0,0.0,0.0,0.0,0.0,0.0,0.0,0.0,0.0,0.0,0.0,0.0,0.0,0.0,0.0,0.0,0.0,181.0,1,row_1563,jm1,0.9539686441421509,1,0.5167627930641174,True,tp,metrics_only,metrics_only,,False,paper-v1,error_analysis,jm1::xgb::tuned_best_table,jm1::xgb,2026-06-27T05:31:34,C:\Users\Dam Hieu\Desktop\CNDM - VIẾT BÁO + KLTN\prototype\results\tables\results_table.csv,C:\Users\Dam Hieu\Desktop\CNDM - VIẾT BÁO + KLTN\prototype\models\metrics_tuned\jm1\xgb_candidate2.joblib,saved_split,C:\Users\Dam Hieu\Desktop\CNDM - VIẾT BÁO + KLTN\prototype\data\splits\jm1\manifest.json,"{'feature_family': 'metrics_only', 'num_features': 5}",5,tuned,1,Selected by recall then f1 using validation_threshold metrics within dataset under policy hybrid_validation_then_tuned,0.9539686441421509,tp,loc,branchCount,v_g,"loc,branchCount,v_g",,,,,,,,,,,,,,,,,,,,,,,,,,,,,,,,,,,,,
jm1,xgb,4.0,1.0,1.0,1.0,7.0,19.65,0.5,2.0,9.83,39.3,0.01,2.18,2.0,0.0,0.0,0.0,4.0,3.0,4.0,3.0,1.0,1,row_158,jm1,0.16806983947753906,0,0.5167627930641174,False,fn,metrics_only,metrics_only,,False,paper-v1,error_analysis,jm1::xgb::tuned_best_table,jm1::xgb,2026-06-27T05:31:34,C:\Users\Dam Hieu\Desktop\CNDM - VIẾT BÁO + KLTN\prototype\results\tables\results_table.csv,C:\Users\Dam Hieu\Desktop\CNDM - VIẾT BÁO + KLTN\prototype\models\metrics_tuned\jm1\xgb_candidate2.joblib,saved_split,C:\Users\Dam Hieu\Desktop\CNDM - VIẾT BÁO + KLTN\prototype\data\splits\jm1\manifest.json,"{'feature_family': 'metrics_only', 'num_features': 5}",5,tuned,1,Selected by recall then f1 using validation_threshold metrics within dataset under policy hybrid_validation_then_tuned,0.8319301605224609,fn,loc,branchCount,v_g,"loc,branchCount,v_g",,,,,,,,,,,,,,,,,,,,,,,,,,,,,,,,,,,,,
jm1,xgb,4.0,1.0,1.0,1.0,10.0,30.0,0.5,2.0,15.0,60.0,0.01,3.33,2.0,0.0,0.0,0.0,4.0,4.0,6.0,4.0,1.0,1,row_92,jm1,0.16806983947753906,0,0.5167627930641174,False,fn,metrics_only,metrics_only,,False,paper-v1,error_analysis,jm1::xgb::tuned_best_table,jm1::xgb,2026-06-27T05:31:34,C:\Users\Dam Hieu\Desktop\CNDM - VIẾT BÁO + KLTN\prototype\results\tables\results_table.csv,C:\Users\Dam Hieu\Desktop\CNDM - VIẾT BÁO + KLTN\prototype\models\metrics_tuned\jm1\xgb_candidate2.joblib,saved_split,C:\Users\Dam Hieu\Desktop\CNDM - VIẾT BÁO + KLTN\prototype\data\splits\jm1\manifest.json,"{'feature_family': 'metrics_only', 'num_features': 5}",5,tuned,1,Selected by recall then f1 using validation_threshold metrics within dataset under policy hybrid_validation_then_tuned,0.8319301605224609,fn,loc,branchCount,v_g,"loc,branchCount,v_g",,,,,,,,,,,,,,,,,,,,,,,,,,,,,,,,,,,,,
jm1,xgb,4.0,1.0,1.0,1.0,5.0,11.61,0.67,1.5,7.74,17.41,0.0,0.97,2.0,0.0,0.0,0.0,3.0,2.0,3.0,2.0,1.0,1,row_372,jm1,0.16806983947753906,0,0.5167627930641174,False,fn,metrics_only,metrics_only,,False,paper-v1,error_analysis,jm1::xgb::tuned_best_table,jm1::xgb,2026-06-27T05:31:34,C:\Users\Dam Hieu\Desktop\CNDM - VIẾT BÁO + KLTN\prototype\results\tables\results_table.csv,C:\Users\Dam Hieu\Desktop\CNDM - VIẾT BÁO + KLTN\prototype\models\metrics_tuned\jm1\xgb_candidate2.joblib,saved_split,C:\Users\Dam Hieu\Desktop\CNDM - VIẾT BÁO + KLTN\prototype\data\splits\jm1\manifest.json,"{'feature_family': 'metrics_only', 'num_features': 5}",5,tuned,1,Selected by recall then f1 using validation_threshold metrics within dataset under policy hybrid_validation_then_tuned,0.8319301605224609,fn,loc,branchCount,v_g,"loc,branchCount,v_g",,,,,,,,,,,,,,,,,,,,,,,,,,,,,,,,,,,,,
jm1,xgb,10.0,6.0,6.0,2.0,151.0,774.52,0.04,23.29,33.25,18041.8,0.26,1002.32,7.0,0.0,1.0,0.0,18.0,17.0,107.0,44.0,11.0,1,row_717,jm1,0.1843240112066269,0,0.5167627930641174,False,fn,metrics_only,metrics_only,,False,paper-v1,error_analysis,jm1::xgb::tuned_best_table,jm1::xgb,2026-06-27T05:31:34,C:\Users\Dam Hieu\Desktop\CNDM - VIẾT BÁO + KLTN\prototype\results\tables\results_table.csv,C:\Users\Dam Hieu\Desktop\CNDM - VIẾT BÁO + KLTN\prototype\models\metrics_tuned\jm1\xgb_candidate2.joblib,saved_split,C:\Users\Dam Hieu\Desktop\CNDM - VIẾT BÁO + KLTN\prototype\data\splits\jm1\manifest.json,"{'feature_family': 'metrics_only', 'num_features': 5}",5,tuned,1,Selected by recall then f1 using validation_threshold metrics within dataset under policy hybrid_validation_then_tuned,0.8156759738922119,fn,loc,branchCount,v_g,"loc,branchCount,v_g",,,,,,,,,,,,,,,,,,,,,,,,,,,,,,,,,,,,,
jm1,xgb,5.0,1.0,1.0,1.0,13.0,44.97,0.33,3.0,14.99,134.92,0.01,7.5,3.0,0.0,0.0,0.0,6.0,5.0,8.0,5.0,1.0,1,row_391,jm1,0.19085098803043365,0,0.5167627930641174,False,fn,metrics_only,metrics_only,,False,paper-v1,error_analysis,jm1::xgb::tuned_best_table,jm1::xgb,2026-06-27T05:31:34,C:\Users\Dam Hieu\Desktop\CNDM - VIẾT BÁO + KLTN\prototype\results\tables\results_table.csv,C:\Users\Dam Hieu\Desktop\CNDM - VIẾT BÁO + KLTN\prototype\models\metrics_tuned\jm1\xgb_candidate2.joblib,saved_split,C:\Users\Dam Hieu\Desktop\CNDM - VIẾT BÁO + KLTN\prototype\data\splits\jm1\manifest.json,"{'feature_family': 'metrics_only', 'num_features': 5}",5,tuned,1,Selected by recall then f1 using validation_threshold metrics within dataset under policy hybrid_validation_then_tuned,0.8091490268707275,fn,loc,branchCount,v_g,"loc,branchCount,v_g",,,,,,,,,,,,,,,,,,,,,,,,,,,,,,,,,,,,,
jm1,xgb,706.0,94.0,3.0,67.0,2702.0,19997.18,0.01,174.22,114.78,3483952.81,6.67,193552.92,656.0,6.0,39.0,1.0,52.0,117.0,1918.0,784.0,163.0,0,row_2104,jm1,0.9736855626106262,1,0.5167627930641174,False,fp,metrics_only,metrics_only,,False,paper-v1,error_analysis,jm1::xgb::tuned_best_table,jm1::xgb,2026-06-27T05:31:34,C:\Users\Dam Hieu\Desktop\CNDM - VIẾT BÁO + KLTN\prototype\results\tables\results_table.csv,C:\Users\Dam Hieu\Desktop\CNDM - VIẾT BÁO + KLTN\prototype\models\metrics_tuned\jm1\xgb_candidate2.joblib,saved_split,C:\Users\Dam Hieu\Desktop\CNDM - VIẾT BÁO + KLTN\prototype\data\splits\jm1\manifest.json,"{'feature_family': 'metrics_only', 'num_features': 5}",5,tuned,1,Selected by recall then f1 using validation_threshold metrics within dataset under policy hybrid_validation_then_tuned,0.9736855626106262,fp,loc,branchCount,v_g,"loc,branchCount,v_g",,,,,,,,,,,,,,,,,,,,,,,,,,,,,,,,,,,,,
jm1,xgb,281.0,78.0,3.0,77.0,1698.0,11329.78,0.01,105.84,107.04,1199190.81,3.78,66621.71,243.0,0.0,36.0,0.0,25.0,77.0,1046.0,652.0,152.0,0,row_7048,jm1,0.9584893584251404,1,0.5167627930641174,False,fp,metrics_only,metrics_only,,False,paper-v1,error_analysis,jm1::xgb::tuned_best_table,jm1::xgb,2026-06-27T05:31:34,C:\Users\Dam Hieu\Desktop\CNDM - VIẾT BÁO + KLTN\prototype\results\tables\results_table.csv,C:\Users\Dam Hieu\Desktop\CNDM - VIẾT BÁO + KLTN\prototype\models\metrics_tuned\jm1\xgb_candidate2.joblib,saved_split,C:\Users\Dam Hieu\Desktop\CNDM - VIẾT BÁO + KLTN\prototype\data\splits\jm1\manifest.json,"{'feature_family': 'metrics_only', 'num_features': 5}",5,tuned,1,Selected by recall then f1 using validation_threshold metrics within dataset under policy hybrid_validation_then_tuned,0.9584893584251404,fp,loc,branchCount,v_g,"loc,branchCount,v_g",,,,,,,,,,,,,,,,,,,,,,,,,,,,,,,,,,,,,
jm1,xgb,377.0,48.0,19.0,44.0,1295.0,8764.8,0.01,84.86,103.28,743817.61,2.92,41323.2,303.0,36.0,36.0,0.0,28.0,81.0,804.0,491.0,89.0,0,row_4093,jm1,0.9584251046180725,1,0.5167627930641174,False,fp,metrics_only,metrics_only,,False,paper-v1,error_analysis,jm1::xgb::tuned_best_table,jm1::xgb,2026-06-27T05:31:34,C:\Users\Dam Hieu\Desktop\CNDM - VIẾT BÁO + KLTN\prototype\results\tables\results_table.csv,C:\Users\Dam Hieu\Desktop\CNDM - VIẾT BÁO + KLTN\prototype\models\metrics_tuned\jm1\xgb_candidate2.joblib,saved_split,C:\Users\Dam Hieu\Desktop\CNDM - VIẾT BÁO + KLTN\prototype\data\splits\jm1\manifest.json,"{'feature_family': 'metrics_only', 'num_features': 5}",5,tuned,1,Selected by recall then f1 using validation_threshold metrics within dataset under policy hybrid_validation_then_tuned,0.9584251046180725,fp,loc,branchCount,v_g,"loc,branchCount,v_g",,,,,,,,,,,,,,,,,,,,,,,,,,,,,,,,,,,,,
jm1,xgb,314.0,86.0,29.0,31.0,1449.0,9668.34,0.01,149.93,64.48,1449530.13,3.22,80529.45,300.0,0.0,11.0,0.0,35.0,67.0,875.0,574.0,168.0,0,row_9952,jm1,0.889987587928772,1,0.5167627930641174,False,fp,metrics_only,metrics_only,,False,paper-v1,error_analysis,jm1::xgb::tuned_best_table,jm1::xgb,2026-06-27T05:31:34,C:\Users\Dam Hieu\Desktop\CNDM - VIẾT BÁO + KLTN\prototype\results\tables\results_table.csv,C:\Users\Dam Hieu\Desktop\CNDM - VIẾT BÁO + KLTN\prototype\models\metrics_tuned\jm1\xgb_candidate2.joblib,saved_split,C:\Users\Dam Hieu\Desktop\CNDM - VIẾT BÁO + KLTN\prototype\data\splits\jm1\manifest.json,"{'feature_family': 'metrics_only', 'num_features': 5}",5,tuned,1,Selected by recall then f1 using validation_threshold metrics within dataset under policy hybrid_validation_then_tuned,0.889987587928772,fp,loc,branchCount,v_g,"loc,branchCount,v_g",,,,,,,,,,,,,,,,,,,,,,,,,,,,,,,,,,,,,
jm1,xgb,314.0,86.0,29.0,31.0,1449.0,9668.34,0.01,149.93,64.48,1449530.13,3.22,80529.45,300.0,0.0,11.0,0.0,35.0,67.0,875.0,574.0,168.0,0,row_12276,jm1,0.889987587928772,1,0.5167627930641174,False,fp,metrics_only,metrics_only,,False,paper-v1,error_analysis,jm1::xgb::tuned_best_table,jm1::xgb,2026-06-27T05:31:34,C:\Users\Dam Hieu\Desktop\CNDM - VIẾT BÁO + KLTN\prototype\results\tables\results_table.csv,C:\Users\Dam Hieu\Desktop\CNDM - VIẾT BÁO + KLTN\prototype\models\metrics_tuned\jm1\xgb_candidate2.joblib,saved_split,C:\Users\Dam Hieu\Desktop\CNDM - VIẾT BÁO + KLTN\prototype\data\splits\jm1\manifest.json,"{'feature_family': 'metrics_only', 'num_features': 5}",5,tuned,1,Selected by recall then f1 using validation_threshold metrics within dataset under policy hybrid_validation_then_tuned,0.889987587928772,fp,loc,branchCount,v_g,"loc,branchCount,v_g",,,,,,,,,,,,,,,,,,,,,,,,,,,,,,,,,,,,,
jm1,xgb,4.0,1.0,1.0,1.0,0.0,0.0,0.0,0.0,0.0,0.0,0.0,0.0,0.0,0.0,0.0,0.0,0.0,0.0,0.0,0.0,1.0,0,row_6672,jm1,0.16806983947753906,0,0.5167627930641174,True,tn,metrics_only,metrics_only,,False,paper-v1,error_analysis,jm1::xgb::tuned_best_table,jm1::xgb,2026-06-27T05:31:34,C:\Users\Dam Hieu\Desktop\CNDM - VIẾT BÁO + KLTN\prototype\results\tables\results_table.csv,C:\Users\Dam Hieu\Desktop\CNDM - VIẾT BÁO + KLTN\prototype\models\metrics_tuned\jm1\xgb_candidate2.joblib,saved_split,C:\Users\Dam Hieu\Desktop\CNDM - VIẾT BÁO + KLTN\prototype\data\splits\jm1\manifest.json,"{'feature_family': 'metrics_only', 'num_features': 5}",5,tuned,1,Selected by recall then f1 using validation_threshold metrics within dataset under policy hybrid_validation_then_tuned,0.8319301605224609,tn,loc,branchCount,v_g,"loc,branchCount,v_g",,,,,,,,,,,,,,,,,,,,,,,,,,,,,,,,,,,,,
jm1,xgb,4.0,1.0,1.0,1.0,5.0,11.61,0.67,1.5,7.74,17.41,0.0,0.97,2.0,0.0,0.0,0.0,3.0,2.0,3.0,2.0,1.0,0,row_6695,jm1,0.16806983947753906,0,0.5167627930641174,True,tn,metrics_only,metrics_only,,False,paper-v1,error_analysis,jm1::xgb::tuned_best_table,jm1::xgb,2026-06-27T05:31:34,C:\Users\Dam Hieu\Desktop\CNDM - VIẾT BÁO + KLTN\prototype\results\tables\results_table.csv,C:\Users\Dam Hieu\Desktop\CNDM - VIẾT BÁO + KLTN\prototype\models\metrics_tuned\jm1\xgb_candidate2.joblib,saved_split,C:\Users\Dam Hieu\Desktop\CNDM - VIẾT BÁO + KLTN\prototype\data\splits\jm1\manifest.json,"{'feature_family': 'metrics_only', 'num_features': 5}",5,tuned,1,Selected by recall then f1 using validation_threshold metrics within dataset under policy hybrid_validation_then_tuned,0.8319301605224609,tn,loc,branchCount,v_g,"loc,branchCount,v_g",,,,,,,,,,,,,,,,,,,,,,,,,,,,,,,,,,,,,
jm1,xgb,4.0,1.0,1.0,1.0,11.0,34.87,0.33,3.0,11.62,104.61,0.01,5.81,2.0,0.0,0.0,0.0,6.0,3.0,8.0,3.0,1.0,0,row_6715,jm1,0.16806983947753906,0,0.5167627930641174,True,tn,metrics_only,metrics_only,,False,paper-v1,error_analysis,jm1::xgb::tuned_best_table,jm1::xgb,2026-06-27T05:31:34,C:\Users\Dam Hieu\Desktop\CNDM - VIẾT BÁO + KLTN\prototype\results\tables\results_table.csv,C:\Users\Dam Hieu\Desktop\CNDM - VIẾT BÁO + KLTN\prototype\models\metrics_tuned\jm1\xgb_candidate2.joblib,saved_split,C:\Users\Dam Hieu\Desktop\CNDM - VIẾT BÁO + KLTN\prototype\data\splits\jm1\manifest.json,"{'feature_family': 'metrics_only', 'num_features': 5}",5,tuned,1,Selected by recall then f1 using validation_threshold metrics within dataset under policy hybrid_validation_then_tuned,0.8319301605224609,tn,loc,branchCount,v_g,"loc,branchCount,v_g",,,,,,,,,,,,,,,,,,,,,,,,,,,,,,,,,,,,,
jm1,xgb,4.0,1.0,1.0,1.0,4.0,8.0,0.67,1.5,5.33,12.0,0.0,0.67,2.0,0.0,0.0,0.0,3.0,1.0,3.0,1.0,1.0,0,row_6731,jm1,0.16806983947753906,0,0.5167627930641174,True,tn,metrics_only,metrics_only,,False,paper-v1,error_analysis,jm1::xgb::tuned_best_table,jm1::xgb,2026-06-27T05:31:34,C:\Users\Dam Hieu\Desktop\CNDM - VIẾT BÁO + KLTN\prototype\results\tables\results_table.csv,C:\Users\Dam Hieu\Desktop\CNDM - VIẾT BÁO + KLTN\prototype\models\metrics_tuned\jm1\xgb_candidate2.joblib,saved_split,C:\Users\Dam Hieu\Desktop\CNDM - VIẾT BÁO + KLTN\prototype\data\splits\jm1\manifest.json,"{'feature_family': 'metrics_only', 'num_features': 5}",5,tuned,1,Selected by recall then f1 using validation_threshold metrics within dataset under policy hybrid_validation_then_tuned,0.8319301605224609,tn,loc,branchCount,v_g,"loc,branchCount,v_g",,,,,,,,,,,,,,,,,,,,,,,,,,,,,,,,,,,,,
jm1,xgb,4.0,1.0,1.0,1.0,4.0,8.0,0.67,1.5,5.33,12.0,0.0,0.67,2.0,0.0,0.0,0.0,3.0,1.0,3.0,1.0,1.0,0,row_6769,jm1,0.16806983947753906,0,0.5167627930641174,True,tn,metrics_only,metrics_only,,False,paper-v1,error_analysis,jm1::xgb::tuned_best_table,jm1::xgb,2026-06-27T05:31:34,C:\Users\Dam Hieu\Desktop\CNDM - VIẾT BÁO + KLTN\prototype\results\tables\results_table.csv,C:\Users\Dam Hieu\Desktop\CNDM - VIẾT BÁO + KLTN\prototype\models\metrics_tuned\jm1\xgb_candidate2.joblib,saved_split,C:\Users\Dam Hieu\Desktop\CNDM - VIẾT BÁO + KLTN\prototype\data\splits\jm1\manifest.json,"{'feature_family': 'metrics_only', 'num_features': 5}",5,tuned,1,Selected by recall then f1 using validation_threshold metrics within dataset under policy hybrid_validation_then_tuned,0.8319301605224609,tn,loc,branchCount,v_g,"loc,branchCount,v_g",,,,,,,,,,,,,,,,,,,,,,,,,,,,,,,,,,,,,
jm1,xgb,324.0,76.0,17.0,41.0,1095.0,7936.48,0.02,55.45,143.13,440084.36,2.65,24449.13,277.0,9.0,32.0,0.0,30.0,122.0,646.0,451.0,151.0,1,row_1903,jm1,0.9823983311653137,1,0.5167627930641174,True,tp,metrics_only,metrics_only,,False,paper-v1,error_analysis,jm1::xgb::tuned_best_table,jm1::xgb,2026-06-27T05:31:34,C:\Users\Dam Hieu\Desktop\CNDM - VIẾT BÁO + KLTN\prototype\results\tables\results_table.csv,C:\Users\Dam Hieu\Desktop\CNDM - VIẾT BÁO + KLTN\prototype\models\metrics_tuned\jm1\xgb_candidate2.joblib,saved_split,C:\Users\Dam Hieu\Desktop\CNDM - VIẾT BÁO + KLTN\prototype\data\splits\jm1\manifest.json,"{'feature_family': 'metrics_only', 'num_features': 5}",5,tuned,1,Selected by recall then f1 using validation_threshold metrics within dataset under policy hybrid_validation_then_tuned,0.9823983311653137,correct,loc,branchCount,v_g,"loc,branchCount,v_g",,,,,,,,,,,,,,,,,,,,,,,,,,,,,,,,,,,,,
jm1,xgb,1129.0,128.0,14.0,104.0,0.0,0.0,0.0,0.0,0.0,0.0,0.0,0.0,0.0,0.0,0.0,0.0,0.0,0.0,0.0,0.0,211.0,1,row_2102,jm1,0.9743709564208984,1,0.5167627930641174,True,tp,metrics_only,metrics_only,,False,paper-v1,error_analysis,jm1::xgb::tuned_best_table,jm1::xgb,2026-06-27T05:31:34,C:\Users\Dam Hieu\Desktop\CNDM - VIẾT BÁO + KLTN\prototype\results\tables\results_table.csv,C:\Users\Dam Hieu\Desktop\CNDM - VIẾT BÁO + KLTN\prototype\models\metrics_tuned\jm1\xgb_candidate2.joblib,saved_split,C:\Users\Dam Hieu\Desktop\CNDM - VIẾT BÁO + KLTN\prototype\data\splits\jm1\manifest.json,"{'feature_family': 'metrics_only', 'num_features': 5}",5,tuned,1,Selected by recall then f1 using validation_threshold metrics within dataset under policy hybrid_validation_then_tuned,0.9743709564208984,correct,loc,branchCount,v_g,"loc,branchCount,v_g",,,,,,,,,,,,,,,,,,,,,,,,,,,,,,,,,,,,,
jm1,xgb,1824.0,268.0,39.0,219.0,4828.0,43342.31,0.0,213.53,202.98,9254819.86,14.45,514156.64,1588.0,58.0,164.0,10.0,102.0,407.0,3172.0,1730.0,485.0,1,row_2099,jm1,0.9707497954368591,1,0.5167627930641174,True,tp,metrics_only,metrics_only,,False,paper-v1,error_analysis,jm1::xgb::tuned_best_table,jm1::xgb,2026-06-27T05:31:34,C:\Users\Dam Hieu\Desktop\CNDM - VIẾT BÁO + KLTN\prototype\results\tables\results_table.csv,C:\Users\Dam Hieu\Desktop\CNDM - VIẾT BÁO + KLTN\prototype\models\metrics_tuned\jm1\xgb_candidate2.joblib,saved_split,C:\Users\Dam Hieu\Desktop\CNDM - VIẾT BÁO + KLTN\prototype\data\splits\jm1\manifest.json,"{'feature_family': 'metrics_only', 'num_features': 5}",5,tuned,1,Selected by recall then f1 using validation_threshold metrics within dataset under policy hybrid_validation_then_tuned,0.9707497954368591,correct,loc,branchCount,v_g,"loc,branchCount,v_g",,,,,,,,,,,,,,,,,,,,,,,,,,,,,,,,,,,,,
jm1,xgb,3442.0,470.0,113.0,385.0,8441.0,80843.08,0.0,384.45,210.28,31079782.27,26.95,1726654.57,2824.0,157.0,447.0,12.0,155.0,609.0,5420.0,3021.0,826.0,1,row_2103,jm1,0.9552015662193298,1,0.5167627930641174,True,tp,metrics_only,metrics_only,,False,paper-v1,error_analysis,jm1::xgb::tuned_best_table,jm1::xgb,2026-06-27T05:31:34,C:\Users\Dam Hieu\Desktop\CNDM - VIẾT BÁO + KLTN\prototype\results\tables\results_table.csv,C:\Users\Dam Hieu\Desktop\CNDM - VIẾT BÁO + KLTN\prototype\models\metrics_tuned\jm1\xgb_candidate2.joblib,saved_split,C:\Users\Dam Hieu\Desktop\CNDM - VIẾT BÁO + KLTN\prototype\data\splits\jm1\manifest.json,"{'feature_family': 'metrics_only', 'num_features': 5}",5,tuned,1,Selected by recall then f1 using validation_threshold metrics within dataset under policy hybrid_validation_then_tuned,0.9552015662193298,correct,loc,branchCount,v_g,"loc,branchCount,v_g",,,,,,,,,,,,,,,,,,,,,,,,,,,,,,,,,,,,,
jm1,xgb,355.0,88.0,66.0,82.0,0.0,0.0,0.0,0.0,0.0,0.0,0.0,0.0,0.0,0.0,0.0,0.0,0.0,0.0,0.0,0.0,181.0,1,row_1563,jm1,0.9539686441421509,1,0.5167627930641174,True,tp,metrics_only,metrics_only,,False,paper-v1,error_analysis,jm1::xgb::tuned_best_table,jm1::xgb,2026-06-27T05:31:34,C:\Users\Dam Hieu\Desktop\CNDM - VIẾT BÁO + KLTN\prototype\results\tables\results_table.csv,C:\Users\Dam Hieu\Desktop\CNDM - VIẾT BÁO + KLTN\prototype\models\metrics_tuned\jm1\xgb_candidate2.joblib,saved_split,C:\Users\Dam Hieu\Desktop\CNDM - VIẾT BÁO + KLTN\prototype\data\splits\jm1\manifest.json,"{'feature_family': 'metrics_only', 'num_features': 5}",5,tuned,1,Selected by recall then f1 using validation_threshold metrics within dataset under policy hybrid_validation_then_tuned,0.9539686441421509,correct,loc,branchCount,v_g,"loc,branchCount,v_g",,,,,,,,,,,,,,,,,,,,,,,,,,,,,,,,,,,,,
jm1,xgb,706.0,94.0,3.0,67.0,2702.0,19997.18,0.01,174.22,114.78,3483952.81,6.67,193552.92,656.0,6.0,39.0,1.0,52.0,117.0,1918.0,784.0,163.0,0,row_2104,jm1,0.9736855626106262,1,0.5167627930641174,False,fp,metrics_only,metrics_only,,False,paper-v1,error_analysis,jm1::xgb::tuned_best_table,jm1::xgb,2026-06-27T05:31:34,C:\Users\Dam Hieu\Desktop\CNDM - VIẾT BÁO + KLTN\prototype\results\tables\results_table.csv,C:\Users\Dam Hieu\Desktop\CNDM - VIẾT BÁO + KLTN\prototype\models\metrics_tuned\jm1\xgb_candidate2.joblib,saved_split,C:\Users\Dam Hieu\Desktop\CNDM - VIẾT BÁO + KLTN\prototype\data\splits\jm1\manifest.json,"{'feature_family': 'metrics_only', 'num_features': 5}",5,tuned,1,Selected by recall then f1 using validation_threshold metrics within dataset under policy hybrid_validation_then_tuned,0.9736855626106262,incorrect,loc,branchCount,v_g,"loc,branchCount,v_g",,,,,,,,,,,,,,,,,,,,,,,,,,,,,,,,,,,,,
jm1,xgb,281.0,78.0,3.0,77.0,1698.0,11329.78,0.01,105.84,107.04,1199190.81,3.78,66621.71,243.0,0.0,36.0,0.0,25.0,77.0,1046.0,652.0,152.0,0,row_7048,jm1,0.9584893584251404,1,0.5167627930641174,False,fp,metrics_only,metrics_only,,False,paper-v1,error_analysis,jm1::xgb::tuned_best_table,jm1::xgb,2026-06-27T05:31:34,C:\Users\Dam Hieu\Desktop\CNDM - VIẾT BÁO + KLTN\prototype\results\tables\results_table.csv,C:\Users\Dam Hieu\Desktop\CNDM - VIẾT BÁO + KLTN\prototype\models\metrics_tuned\jm1\xgb_candidate2.joblib,saved_split,C:\Users\Dam Hieu\Desktop\CNDM - VIẾT BÁO + KLTN\prototype\data\splits\jm1\manifest.json,"{'feature_family': 'metrics_only', 'num_features': 5}",5,tuned,1,Selected by recall then f1 using validation_threshold metrics within dataset under policy hybrid_validation_then_tuned,0.9584893584251404,incorrect,loc,branchCount,v_g,"loc,branchCount,v_g",,,,,,,,,,,,,,,,,,,,,,,,,,,,,,,,,,,,,
jm1,xgb,377.0,48.0,19.0,44.0,1295.0,8764.8,0.01,84.86,103.28,743817.61,2.92,41323.2,303.0,36.0,36.0,0.0,28.0,81.0,804.0,491.0,89.0,0,row_4093,jm1,0.9584251046180725,1,0.5167627930641174,False,fp,metrics_only,metrics_only,,False,paper-v1,error_analysis,jm1::xgb::tuned_best_table,jm1::xgb,2026-06-27T05:31:34,C:\Users\Dam Hieu\Desktop\CNDM - VIẾT BÁO + KLTN\prototype\results\tables\results_table.csv,C:\Users\Dam Hieu\Desktop\CNDM - VIẾT BÁO + KLTN\prototype\models\metrics_tuned\jm1\xgb_candidate2.joblib,saved_split,C:\Users\Dam Hieu\Desktop\CNDM - VIẾT BÁO + KLTN\prototype\data\splits\jm1\manifest.json,"{'feature_family': 'metrics_only', 'num_features': 5}",5,tuned,1,Selected by recall then f1 using validation_threshold metrics within dataset under policy hybrid_validation_then_tuned,0.9584251046180725,incorrect,loc,branchCount,v_g,"loc,branchCount,v_g",,,,,,,,,,,,,,,,,,,,,,,,,,,,,,,,,,,,,
jm1,xgb,314.0,86.0,29.0,31.0,1449.0,9668.34,0.01,149.93,64.48,1449530.13,3.22,80529.45,300.0,0.0,11.0,0.0,35.0,67.0,875.0,574.0,168.0,0,row_9952,jm1,0.889987587928772,1,0.5167627930641174,False,fp,metrics_only,metrics_only,,False,paper-v1,error_analysis,jm1::xgb::tuned_best_table,jm1::xgb,2026-06-27T05:31:34,C:\Users\Dam Hieu\Desktop\CNDM - VIẾT BÁO + KLTN\prototype\results\tables\results_table.csv,C:\Users\Dam Hieu\Desktop\CNDM - VIẾT BÁO + KLTN\prototype\models\metrics_tuned\jm1\xgb_candidate2.joblib,saved_split,C:\Users\Dam Hieu\Desktop\CNDM - VIẾT BÁO + KLTN\prototype\data\splits\jm1\manifest.json,"{'feature_family': 'metrics_only', 'num_features': 5}",5,tuned,1,Selected by recall then f1 using validation_threshold metrics within dataset under policy hybrid_validation_then_tuned,0.889987587928772,incorrect,loc,branchCount,v_g,"loc,branchCount,v_g",,,,,,,,,,,,,,,,,,,,,,,,,,,,,,,,,,,,,
jm1,xgb,314.0,86.0,29.0,31.0,1449.0,9668.34,0.01,149.93,64.48,1449530.13,3.22,80529.45,300.0,0.0,11.0,0.0,35.0,67.0,875.0,574.0,168.0,0,row_12276,jm1,0.889987587928772,1,0.5167627930641174,False,fp,metrics_only,metrics_only,,False,paper-v1,error_analysis,jm1::xgb::tuned_best_table,jm1::xgb,2026-06-27T05:31:34,C:\Users\Dam Hieu\Desktop\CNDM - VIẾT BÁO + KLTN\prototype\results\tables\results_table.csv,C:\Users\Dam Hieu\Desktop\CNDM - VIẾT BÁO + KLTN\prototype\models\metrics_tuned\jm1\xgb_candidate2.joblib,saved_split,C:\Users\Dam Hieu\Desktop\CNDM - VIẾT BÁO + KLTN\prototype\data\splits\jm1\manifest.json,"{'feature_family': 'metrics_only', 'num_features': 5}",5,tuned,1,Selected by recall then f1 using validation_threshold metrics within dataset under policy hybrid_validation_then_tuned,0.889987587928772,incorrect,loc,branchCount,v_g,"loc,branchCount,v_g",,,,,,,,,,,,,,,,,,,,,,,,,,,,,,,,,,,,,
kc1,xgb,119.0,14.0,1.0,14.0,289.0,1605.28,0.03,30.72,52.25,49320.73,0.54,2740.04,85.0,26.0,6.0,0.0,18.0,29.0,190.0,99.0,27.0,1,row_24,kc1,0.8866977095603943,1,0.4768067896366119,True,tp,metrics_only,metrics_only,,False,paper-v1,error_analysis,kc1::xgb::tuned_best_table,kc1::xgb,2026-06-27T05:31:34,C:\Users\Dam Hieu\Desktop\CNDM - VIẾT BÁO + KLTN\prototype\results\tables\results_table.csv,C:\Users\Dam Hieu\Desktop\CNDM - VIẾT BÁO + KLTN\prototype\models\metrics_tuned\kc1\xgb_candidate1.joblib,saved_split,C:\Users\Dam Hieu\Desktop\CNDM - VIẾT BÁO + KLTN\prototype\data\splits\kc1\manifest.json,"{'feature_family': 'metrics_only', 'num_features': 5}",5,tuned,1,Selected by recall then f1 using validation_threshold metrics within dataset under policy hybrid_validation_then_tuned,0.8866977095603943,tp,loc,branchCount,v_g,"loc,branchCount,v_g",,,,,,,,,,,,,,,,,,,,,,,,,,,,,,,,,,,,,
kc1,xgb,92.0,8.0,3.0,8.0,203.0,1121.28,0.07,15.35,73.03,17214.99,0.37,956.39,75.0,4.0,4.0,0.0,12.0,34.0,116.0,87.0,15.0,1,row_170,kc1,0.866050660610199,1,0.4768067896366119,True,tp,metrics_only,metrics_only,,False,paper-v1,error_analysis,kc1::xgb::tuned_best_table,kc1::xgb,2026-06-27T05:31:34,C:\Users\Dam Hieu\Desktop\CNDM - VIẾT BÁO + KLTN\prototype\results\tables\results_table.csv,C:\Users\Dam Hieu\Desktop\CNDM - VIẾT BÁO + KLTN\prototype\models\metrics_tuned\kc1\xgb_candidate1.joblib,saved_split,C:\Users\Dam Hieu\Desktop\CNDM - VIẾT BÁO + KLTN\prototype\data\splits\kc1\manifest.json,"{'feature_family': 'metrics_only', 'num_features': 5}",5,tuned,1,Selected by recall then f1 using validation_threshold metrics within dataset under policy hybrid_validation_then_tuned,0.866050660610199,tp,loc,branchCount,v_g,"loc,branchCount,v_g",,,,,,,,,,,,,,,,,,,,,,,,,,,,,,,,,,,,,
kc1,xgb,80.0,11.0,1.0,11.0,274.0,1637.77,0.03,28.71,57.05,47016.12,0.55,2612.01,66.0,2.0,10.0,0.0,22.0,41.0,167.0,107.0,21.0,1,row_59,kc1,0.864601731300354,1,0.4768067896366119,True,tp,metrics_only,metrics_only,,False,paper-v1,error_analysis,kc1::xgb::tuned_best_table,kc1::xgb,2026-06-27T05:31:34,C:\Users\Dam Hieu\Desktop\CNDM - VIẾT BÁO + KLTN\prototype\results\tables\results_table.csv,C:\Users\Dam Hieu\Desktop\CNDM - VIẾT BÁO + KLTN\prototype\models\metrics_tuned\kc1\xgb_candidate1.joblib,saved_split,C:\Users\Dam Hieu\Desktop\CNDM - VIẾT BÁO + KLTN\prototype\data\splits\kc1\manifest.json,"{'feature_family': 'metrics_only', 'num_features': 5}",5,tuned,1,Selected by recall then f1 using validation_threshold metrics within dataset under policy hybrid_validation_then_tuned,0.864601731300354,tp,loc,branchCount,v_g,"loc,branchCount,v_g",,,,,,,,,,,,,,,,,,,,,,,,,,,,,,,,,,,,,
kc1,xgb,100.0,7.0,3.0,6.0,362.0,2281.97,0.04,26.82,85.07,61212.81,0.76,3400.71,86.0,2.0,9.0,0.0,22.0,57.0,223.0,139.0,12.0,1,row_304,kc1,0.8557350635528564,1,0.4768067896366119,True,tp,metrics_only,metrics_only,,False,paper-v1,error_analysis,kc1::xgb::tuned_best_table,kc1::xgb,2026-06-27T05:31:34,C:\Users\Dam Hieu\Desktop\CNDM - VIẾT BÁO + KLTN\prototype\results\tables\results_table.csv,C:\Users\Dam Hieu\Desktop\CNDM - VIẾT BÁO + KLTN\prototype\models\metrics_tuned\kc1\xgb_candidate1.joblib,saved_split,C:\Users\Dam Hieu\Desktop\CNDM - VIẾT BÁO + KLTN\prototype\data\splits\kc1\manifest.json,"{'feature_family': 'metrics_only', 'num_features': 5}",5,tuned,1,Selected by recall then f1 using validation_threshold metrics within dataset under policy hybrid_validation_then_tuned,0.8557350635528564,tp,loc,branchCount,v_g,"loc,branchCount,v_g",,,,,,,,,,,,,,,,,,,,,,,,,,,,,,,,,,,,,
kc1,xgb,69.0,12.0,1.0,12.0,231.0,1212.27,0.04,27.27,44.45,33061.94,0.4,1836.77,62.0,3.0,2.0,0.0,16.0,22.0,156.0,75.0,23.0,1,row_7,kc1,0.8553929924964905,1,0.4768067896366119,True,tp,metrics_only,metrics_only,,False,paper-v1,error_analysis,kc1::xgb::tuned_best_table,kc1::xgb,2026-06-27T05:31:34,C:\Users\Dam Hieu\Desktop\CNDM - VIẾT BÁO + KLTN\prototype\results\tables\results_table.csv,C:\Users\Dam Hieu\Desktop\CNDM - VIẾT BÁO + KLTN\prototype\models\metrics_tuned\kc1\xgb_candidate1.joblib,saved_split,C:\Users\Dam Hieu\Desktop\CNDM - VIẾT BÁO + KLTN\prototype\data\splits\kc1\manifest.json,"{'feature_family': 'metrics_only', 'num_features': 5}",5,tuned,1,Selected by recall then f1 using validation_threshold metrics within dataset under policy hybrid_validation_then_tuned,0.8553929924964905,tp,loc,branchCount,v_g,"loc,branchCount,v_g",,,,,,,,,,,,,,,,,,,,,,,,,,,,,,,,,,,,,
kc1,xgb,2.0,1.0,1.0,1.0,3.0,4.75,1.0,1.0,4.75,4.75,0.0,0.26,0.0,0.0,0.0,0.0,2.0,1.0,2.0,1.0,1.0,1,row_143,kc1,0.05490482226014137,0,0.4768067896366119,False,fn,metrics_only,metrics_only,,False,paper-v1,error_analysis,kc1::xgb::tuned_best_table,kc1::xgb,2026-06-27T05:31:34,C:\Users\Dam Hieu\Desktop\CNDM - VIẾT BÁO + KLTN\prototype\results\tables\results_table.csv,C:\Users\Dam Hieu\Desktop\CNDM - VIẾT BÁO + KLTN\prototype\models\metrics_tuned\kc1\xgb_candidate1.joblib,saved_split,C:\Users\Dam Hieu\Desktop\CNDM - VIẾT BÁO + KLTN\prototype\data\splits\kc1\manifest.json,"{'feature_family': 'metrics_only', 'num_features': 5}",5,tuned,1,Selected by recall then f1 using validation_threshold metrics within dataset under policy hybrid_validation_then_tuned,0.9450951814651489,fn,loc,branchCount,v_g,"loc,branchCount,v_g",,,,,,,,,,,,,,,,,,,,,,,,,,,,,,,,,,,,,
kc1,xgb,3.0,1.0,1.0,1.0,1.0,0.0,0.0,0.0,0.0,0.0,0.0,0.0,1.0,0.0,0.0,0.0,1.0,0.0,1.0,0.0,1.0,1,row_188,kc1,0.12679734826087952,0,0.4768067896366119,False,fn,metrics_only,metrics_only,,False,paper-v1,error_analysis,kc1::xgb::tuned_best_table,kc1::xgb,2026-06-27T05:31:34,C:\Users\Dam Hieu\Desktop\CNDM - VIẾT BÁO + KLTN\prototype\results\tables\results_table.csv,C:\Users\Dam Hieu\Desktop\CNDM - VIẾT BÁO + KLTN\prototype\models\metrics_tuned\kc1\xgb_candidate1.joblib,saved_split,C:\Users\Dam Hieu\Desktop\CNDM - VIẾT BÁO + KLTN\prototype\data\splits\kc1\manifest.json,"{'feature_family': 'metrics_only', 'num_features': 5}",5,tuned,1,Selected by recall then f1 using validation_threshold metrics within dataset under policy hybrid_validation_then_tuned,0.8732026815414429,fn,loc,branchCount,v_g,"loc,branchCount,v_g",,,,,,,,,,,,,,,,,,,,,,,,,,,,,,,,,,,,,
kc1,xgb,4.0,1.0,1.0,1.0,1.0,0.0,0.0,0.0,0.0,0.0,0.0,0.0,1.0,1.0,0.0,0.0,1.0,0.0,1.0,0.0,1.0,1,row_77,kc1,0.19509387016296387,0,0.4768067896366119,False,fn,metrics_only,metrics_only,,False,paper-v1,error_analysis,kc1::xgb::tuned_best_table,kc1::xgb,2026-06-27T05:31:34,C:\Users\Dam Hieu\Desktop\CNDM - VIẾT BÁO + KLTN\prototype\results\tables\results_table.csv,C:\Users\Dam Hieu\Desktop\CNDM - VIẾT BÁO + KLTN\prototype\models\metrics_tuned\kc1\xgb_candidate1.joblib,saved_split,C:\Users\Dam Hieu\Desktop\CNDM - VIẾT BÁO + KLTN\prototype\data\splits\kc1\manifest.json,"{'feature_family': 'metrics_only', 'num_features': 5}",5,tuned,1,Selected by recall then f1 using validation_threshold metrics within dataset under policy hybrid_validation_then_tuned,0.8049061298370361,fn,loc,branchCount,v_g,"loc,branchCount,v_g",,,,,,,,,,,,,,,,,,,,,,,,,,,,,,,,,,,,,
kc1,xgb,4.0,1.0,1.0,1.0,4.0,8.0,0.67,1.5,5.33,12.0,0.0,0.67,2.0,0.0,0.0,0.0,3.0,1.0,3.0,1.0,1.0,1,row_150,kc1,0.19509387016296387,0,0.4768067896366119,False,fn,metrics_only,metrics_only,,False,paper-v1,error_analysis,kc1::xgb::tuned_best_table,kc1::xgb,2026-06-27T05:31:34,C:\Users\Dam Hieu\Desktop\CNDM - VIẾT BÁO + KLTN\prototype\results\tables\results_table.csv,C:\Users\Dam Hieu\Desktop\CNDM - VIẾT BÁO + KLTN\prototype\models\metrics_tuned\kc1\xgb_candidate1.joblib,saved_split,C:\Users\Dam Hieu\Desktop\CNDM - VIẾT BÁO + KLTN\prototype\data\splits\kc1\manifest.json,"{'feature_family': 'metrics_only', 'num_features': 5}",5,tuned,1,Selected by recall then f1 using validation_threshold metrics within dataset under policy hybrid_validation_then_tuned,0.8049061298370361,fn,loc,branchCount,v_g,"loc,branchCount,v_g",,,,,,,,,,,,,,,,,,,,,,,,,,,,,,,,,,,,,
kc1,xgb,6.0,1.0,1.0,1.0,12.0,39.86,0.33,3.0,13.29,119.59,0.01,6.64,3.0,1.0,0.0,0.0,6.0,4.0,8.0,4.0,1.0,1,row_202,kc1,0.28660285472869873,0,0.4768067896366119,False,fn,metrics_only,metrics_only,,False,paper-v1,error_analysis,kc1::xgb::tuned_best_table,kc1::xgb,2026-06-27T05:31:34,C:\Users\Dam Hieu\Desktop\CNDM - VIẾT BÁO + KLTN\prototype\results\tables\results_table.csv,C:\Users\Dam Hieu\Desktop\CNDM - VIẾT BÁO + KLTN\prototype\models\metrics_tuned\kc1\xgb_candidate1.joblib,saved_split,C:\Users\Dam Hieu\Desktop\CNDM - VIẾT BÁO + KLTN\prototype\data\splits\kc1\manifest.json,"{'feature_family': 'metrics_only', 'num_features': 5}",5,tuned,1,Selected by recall then f1 using validation_threshold metrics within dataset under policy hybrid_validation_then_tuned,0.7133971452713013,fn,loc,branchCount,v_g,"loc,branchCount,v_g",,,,,,,,,,,,,,,,,,,,,,,,,,,,,,,,,,,,,
kc1,xgb,88.0,15.0,1.0,14.0,255.0,1446.47,0.04,23.54,61.44,34054.0,0.48,1891.89,78.0,0.0,6.0,0.0,16.0,35.0,152.0,103.0,29.0,0,row_974,kc1,0.9007378816604614,1,0.4768067896366119,False,fp,metrics_only,metrics_only,,False,paper-v1,error_analysis,kc1::xgb::tuned_best_table,kc1::xgb,2026-06-27T05:31:34,C:\Users\Dam Hieu\Desktop\CNDM - VIẾT BÁO + KLTN\prototype\results\tables\results_table.csv,C:\Users\Dam Hieu\Desktop\CNDM - VIẾT BÁO + KLTN\prototype\models\metrics_tuned\kc1\xgb_candidate1.joblib,saved_split,C:\Users\Dam Hieu\Desktop\CNDM - VIẾT BÁO + KLTN\prototype\data\splits\kc1\manifest.json,"{'feature_family': 'metrics_only', 'num_features': 5}",5,tuned,1,Selected by recall then f1 using validation_threshold metrics within dataset under policy hybrid_validation_then_tuned,0.9007378816604614,fp,loc,branchCount,v_g,"loc,branchCount,v_g",,,,,,,,,,,,,,,,,,,,,,,,,,,,,,,,,,,,,
kc1,xgb,83.0,7.0,1.0,6.0,224.0,1312.19,0.06,16.55,79.31,21710.74,0.44,1206.15,61.0,5.0,12.0,3.0,14.0,44.0,120.0,104.0,13.0,0,row_912,kc1,0.8620415925979614,1,0.4768067896366119,False,fp,metrics_only,metrics_only,,False,paper-v1,error_analysis,kc1::xgb::tuned_best_table,kc1::xgb,2026-06-27T05:31:34,C:\Users\Dam Hieu\Desktop\CNDM - VIẾT BÁO + KLTN\prototype\results\tables\results_table.csv,C:\Users\Dam Hieu\Desktop\CNDM - VIẾT BÁO + KLTN\prototype\models\metrics_tuned\kc1\xgb_candidate1.joblib,saved_split,C:\Users\Dam Hieu\Desktop\CNDM - VIẾT BÁO + KLTN\prototype\data\splits\kc1\manifest.json,"{'feature_family': 'metrics_only', 'num_features': 5}",5,tuned,1,Selected by recall then f1 using validation_threshold metrics within dataset under policy hybrid_validation_then_tuned,0.8620415925979614,fp,loc,branchCount,v_g,"loc,branchCount,v_g",,,,,,,,,,,,,,,,,,,,,,,,,,,,,,,,,,,,,
kc1,xgb,143.0,17.0,1.0,6.0,345.0,2046.1,0.04,26.47,77.31,54152.01,0.68,3008.45,98.0,19.0,21.0,3.0,17.0,44.0,208.0,137.0,33.0,0,row_836,kc1,0.8587666749954224,1,0.4768067896366119,False,fp,metrics_only,metrics_only,,False,paper-v1,error_analysis,kc1::xgb::tuned_best_table,kc1::xgb,2026-06-27T05:31:34,C:\Users\Dam Hieu\Desktop\CNDM - VIẾT BÁO + KLTN\prototype\results\tables\results_table.csv,C:\Users\Dam Hieu\Desktop\CNDM - VIẾT BÁO + KLTN\prototype\models\metrics_tuned\kc1\xgb_candidate1.joblib,saved_split,C:\Users\Dam Hieu\Desktop\CNDM - VIẾT BÁO + KLTN\prototype\data\splits\kc1\manifest.json,"{'feature_family': 'metrics_only', 'num_features': 5}",5,tuned,1,Selected by recall then f1 using validation_threshold metrics within dataset under policy hybrid_validation_then_tuned,0.8587666749954224,fp,loc,branchCount,v_g,"loc,branchCount,v_g",,,,,,,,,,,,,,,,,,,,,,,,,,,,,,,,,,,,,
kc1,xgb,85.0,11.0,6.0,9.0,211.0,1246.35,0.04,27.33,45.6,34067.01,0.42,1892.61,72.0,2.0,9.0,0.0,24.0,36.0,129.0,82.0,21.0,0,row_1408,kc1,0.8587576150894165,1,0.4768067896366119,False,fp,metrics_only,metrics_only,,False,paper-v1,error_analysis,kc1::xgb::tuned_best_table,kc1::xgb,2026-06-27T05:31:34,C:\Users\Dam Hieu\Desktop\CNDM - VIẾT BÁO + KLTN\prototype\results\tables\results_table.csv,C:\Users\Dam Hieu\Desktop\CNDM - VIẾT BÁO + KLTN\prototype\models\metrics_tuned\kc1\xgb_candidate1.joblib,saved_split,C:\Users\Dam Hieu\Desktop\CNDM - VIẾT BÁO + KLTN\prototype\data\splits\kc1\manifest.json,"{'feature_family': 'metrics_only', 'num_features': 5}",5,tuned,1,Selected by recall then f1 using validation_threshold metrics within dataset under policy hybrid_validation_then_tuned,0.8587576150894165,fp,loc,branchCount,v_g,"loc,branchCount,v_g",,,,,,,,,,,,,,,,,,,,,,,,,,,,,,,,,,,,,
kc1,xgb,82.0,9.0,1.0,9.0,191.0,1072.41,0.06,15.76,68.06,16898.58,0.36,938.81,74.0,0.0,3.0,0.0,16.0,33.0,126.0,65.0,16.0,0,row_545,kc1,0.8577823042869568,1,0.4768067896366119,False,fp,metrics_only,metrics_only,,False,paper-v1,error_analysis,kc1::xgb::tuned_best_table,kc1::xgb,2026-06-27T05:31:34,C:\Users\Dam Hieu\Desktop\CNDM - VIẾT BÁO + KLTN\prototype\results\tables\results_table.csv,C:\Users\Dam Hieu\Desktop\CNDM - VIẾT BÁO + KLTN\prototype\models\metrics_tuned\kc1\xgb_candidate1.joblib,saved_split,C:\Users\Dam Hieu\Desktop\CNDM - VIẾT BÁO + KLTN\prototype\data\splits\kc1\manifest.json,"{'feature_family': 'metrics_only', 'num_features': 5}",5,tuned,1,Selected by recall then f1 using validation_threshold metrics within dataset under policy hybrid_validation_then_tuned,0.8577823042869568,fp,loc,branchCount,v_g,"loc,branchCount,v_g",,,,,,,,,,,,,,,,,,,,,,,,,,,,,,,,,,,,,
kc1,xgb,2.0,1.0,1.0,1.0,5.0,11.61,0.67,1.5,7.74,17.41,0.0,0.97,0.0,0.0,0.0,0.0,3.0,2.0,3.0,2.0,1.0,0,row_526,kc1,0.05490482226014137,0,0.4768067896366119,True,tn,metrics_only,metrics_only,,False,paper-v1,error_analysis,kc1::xgb::tuned_best_table,kc1::xgb,2026-06-27T05:31:34,C:\Users\Dam Hieu\Desktop\CNDM - VIẾT BÁO + KLTN\prototype\results\tables\results_table.csv,C:\Users\Dam Hieu\Desktop\CNDM - VIẾT BÁO + KLTN\prototype\models\metrics_tuned\kc1\xgb_candidate1.joblib,saved_split,C:\Users\Dam Hieu\Desktop\CNDM - VIẾT BÁO + KLTN\prototype\data\splits\kc1\manifest.json,"{'feature_family': 'metrics_only', 'num_features': 5}",5,tuned,1,Selected by recall then f1 using validation_threshold metrics within dataset under policy hybrid_validation_then_tuned,0.9450951814651489,tn,loc,branchCount,v_g,"loc,branchCount,v_g",,,,,,,,,,,,,,,,,,,,,,,,,,,,,,,,,,,,,
kc1,xgb,2.0,1.0,1.0,1.0,4.0,8.0,0.67,1.5,5.33,12.0,0.0,0.67,0.0,0.0,0.0,0.0,3.0,1.0,3.0,1.0,1.0,0,row_888,kc1,0.05490482226014137,0,0.4768067896366119,True,tn,metrics_only,metrics_only,,False,paper-v1,error_analysis,kc1::xgb::tuned_best_table,kc1::xgb,2026-06-27T05:31:34,C:\Users\Dam Hieu\Desktop\CNDM - VIẾT BÁO + KLTN\prototype\results\tables\results_table.csv,C:\Users\Dam Hieu\Desktop\CNDM - VIẾT BÁO + KLTN\prototype\models\metrics_tuned\kc1\xgb_candidate1.joblib,saved_split,C:\Users\Dam Hieu\Desktop\CNDM - VIẾT BÁO + KLTN\prototype\data\splits\kc1\manifest.json,"{'feature_family': 'metrics_only', 'num_features': 5}",5,tuned,1,Selected by recall then f1 using validation_threshold metrics within dataset under policy hybrid_validation_then_tuned,0.9450951814651489,tn,loc,branchCount,v_g,"loc,branchCount,v_g",,,,,,,,,,,,,,,,,,,,,,,,,,,,,,,,,,,,,
kc1,xgb,2.0,1.0,1.0,1.0,1.0,0.0,0.0,0.0,0.0,0.0,0.0,0.0,0.0,0.0,0.0,0.0,1.0,0.0,1.0,0.0,1.0,0,row_967,kc1,0.05490482226014137,0,0.4768067896366119,True,tn,metrics_only,metrics_only,,False,paper-v1,error_analysis,kc1::xgb::tuned_best_table,kc1::xgb,2026-06-27T05:31:34,C:\Users\Dam Hieu\Desktop\CNDM - VIẾT BÁO + KLTN\prototype\results\tables\results_table.csv,C:\Users\Dam Hieu\Desktop\CNDM - VIẾT BÁO + KLTN\prototype\models\metrics_tuned\kc1\xgb_candidate1.joblib,saved_split,C:\Users\Dam Hieu\Desktop\CNDM - VIẾT BÁO + KLTN\prototype\data\splits\kc1\manifest.json,"{'feature_family': 'metrics_only', 'num_features': 5}",5,tuned,1,Selected by recall then f1 using validation_threshold metrics within dataset under policy hybrid_validation_then_tuned,0.9450951814651489,tn,loc,branchCount,v_g,"loc,branchCount,v_g",,,,,,,,,,,,,,,,,,,,,,,,,,,,,,,,,,,,,
kc1,xgb,2.0,1.0,1.0,1.0,5.0,11.61,0.5,2.0,5.8,23.22,0.0,1.29,0.0,0.0,0.0,0.0,4.0,1.0,4.0,1.0,1.0,0,row_785,kc1,0.05490482226014137,0,0.4768067896366119,True,tn,metrics_only,metrics_only,,False,paper-v1,error_analysis,kc1::xgb::tuned_best_table,kc1::xgb,2026-06-27T05:31:34,C:\Users\Dam Hieu\Desktop\CNDM - VIẾT BÁO + KLTN\prototype\results\tables\results_table.csv,C:\Users\Dam Hieu\Desktop\CNDM - VIẾT BÁO + KLTN\prototype\models\metrics_tuned\kc1\xgb_candidate1.joblib,saved_split,C:\Users\Dam Hieu\Desktop\CNDM - VIẾT BÁO + KLTN\prototype\data\splits\kc1\manifest.json,"{'feature_family': 'metrics_only', 'num_features': 5}",5,tuned,1,Selected by recall then f1 using validation_threshold metrics within dataset under policy hybrid_validation_then_tuned,0.9450951814651489,tn,loc,branchCount,v_g,"loc,branchCount,v_g",,,,,,,,,,,,,,,,,,,,,,,,,,,,,,,,,,,,,
kc1,xgb,2.0,1.0,1.0,1.0,4.0,8.0,0.67,1.5,5.33,12.0,0.0,0.67,0.0,0.0,0.0,0.0,3.0,1.0,3.0,1.0,1.0,0,row_789,kc1,0.05490482226014137,0,0.4768067896366119,True,tn,metrics_only,metrics_only,,False,paper-v1,error_analysis,kc1::xgb::tuned_best_table,kc1::xgb,2026-06-27T05:31:34,C:\Users\Dam Hieu\Desktop\CNDM - VIẾT BÁO + KLTN\prototype\results\tables\results_table.csv,C:\Users\Dam Hieu\Desktop\CNDM - VIẾT BÁO + KLTN\prototype\models\metrics_tuned\kc1\xgb_candidate1.joblib,saved_split,C:\Users\Dam Hieu\Desktop\CNDM - VIẾT BÁO + KLTN\prototype\data\splits\kc1\manifest.json,"{'feature_family': 'metrics_only', 'num_features': 5}",5,tuned,1,Selected by recall then f1 using validation_threshold metrics within dataset under policy hybrid_validation_then_tuned,0.9450951814651489,tn,loc,branchCount,v_g,"loc,branchCount,v_g",,,,,,,,,,,,,,,,,,,,,,,,,,,,,,,,,,,,,
kc1,xgb,2.0,1.0,1.0,1.0,3.0,4.75,1.0,1.0,4.75,4.75,0.0,0.26,0.0,0.0,0.0,0.0,2.0,1.0,2.0,1.0,1.0,0,row_959,kc1,0.05490482226014137,0,0.4768067896366119,True,tn,metrics_only,metrics_only,,False,paper-v1,error_analysis,kc1::xgb::tuned_best_table,kc1::xgb,2026-06-27T05:31:34,C:\Users\Dam Hieu\Desktop\CNDM - VIẾT BÁO + KLTN\prototype\results\tables\results_table.csv,C:\Users\Dam Hieu\Desktop\CNDM - VIẾT BÁO + KLTN\prototype\models\metrics_tuned\kc1\xgb_candidate1.joblib,saved_split,C:\Users\Dam Hieu\Desktop\CNDM - VIẾT BÁO + KLTN\prototype\data\splits\kc1\manifest.json,"{'feature_family': 'metrics_only', 'num_features': 5}",5,tuned,1,Selected by recall then f1 using validation_threshold metrics within dataset under policy hybrid_validation_then_tuned,0.9450951814651489,correct,loc,branchCount,v_g,"loc,branchCount,v_g",,,,,,,,,,,,,,,,,,,,,,,,,,,,,,,,,,,,,
kc1,xgb,2.0,1.0,1.0,1.0,4.0,8.0,0.67,1.5,5.33,12.0,0.0,0.67,0.0,0.0,0.0,0.0,3.0,1.0,3.0,1.0,1.0,0,row_718,kc1,0.05490482226014137,0,0.4768067896366119,True,tn,metrics_only,metrics_only,,False,paper-v1,error_analysis,kc1::xgb::tuned_best_table,kc1::xgb,2026-06-27T05:31:34,C:\Users\Dam Hieu\Desktop\CNDM - VIẾT BÁO + KLTN\prototype\results\tables\results_table.csv,C:\Users\Dam Hieu\Desktop\CNDM - VIẾT BÁO + KLTN\prototype\models\metrics_tuned\kc1\xgb_candidate1.joblib,saved_split,C:\Users\Dam Hieu\Desktop\CNDM - VIẾT BÁO + KLTN\prototype\data\splits\kc1\manifest.json,"{'feature_family': 'metrics_only', 'num_features': 5}",5,tuned,1,Selected by recall then f1 using validation_threshold metrics within dataset under policy hybrid_validation_then_tuned,0.9450951814651489,correct,loc,branchCount,v_g,"loc,branchCount,v_g",,,,,,,,,,,,,,,,,,,,,,,,,,,,,,,,,,,,,
kc1,xgb,2.0,1.0,1.0,1.0,5.0,11.61,0.5,2.0,5.8,23.22,0.0,1.29,0.0,0.0,0.0,0.0,4.0,1.0,4.0,1.0,1.0,0,row_785,kc1,0.05490482226014137,0,0.4768067896366119,True,tn,metrics_only,metrics_only,,False,paper-v1,error_analysis,kc1::xgb::tuned_best_table,kc1::xgb,2026-06-27T05:31:34,C:\Users\Dam Hieu\Desktop\CNDM - VIẾT BÁO + KLTN\prototype\results\tables\results_table.csv,C:\Users\Dam Hieu\Desktop\CNDM - VIẾT BÁO + KLTN\prototype\models\metrics_tuned\kc1\xgb_candidate1.joblib,saved_split,C:\Users\Dam Hieu\Desktop\CNDM - VIẾT BÁO + KLTN\prototype\data\splits\kc1\manifest.json,"{'feature_family': 'metrics_only', 'num_features': 5}",5,tuned,1,Selected by recall then f1 using validation_threshold metrics within dataset under policy hybrid_validation_then_tuned,0.9450951814651489,correct,loc,branchCount,v_g,"loc,branchCount,v_g",,,,,,,,,,,,,,,,,,,,,,,,,,,,,,,,,,,,,
kc1,xgb,2.0,1.0,1.0,1.0,1.0,0.0,0.0,0.0,0.0,0.0,0.0,0.0,0.0,0.0,0.0,0.0,1.0,0.0,1.0,0.0,1.0,0,row_967,kc1,0.05490482226014137,0,0.4768067896366119,True,tn,metrics_only,metrics_only,,False,paper-v1,error_analysis,kc1::xgb::tuned_best_table,kc1::xgb,2026-06-27T05:31:34,C:\Users\Dam Hieu\Desktop\CNDM - VIẾT BÁO + KLTN\prototype\results\tables\results_table.csv,C:\Users\Dam Hieu\Desktop\CNDM - VIẾT BÁO + KLTN\prototype\models\metrics_tuned\kc1\xgb_candidate1.joblib,saved_split,C:\Users\Dam Hieu\Desktop\CNDM - VIẾT BÁO + KLTN\prototype\data\splits\kc1\manifest.json,"{'feature_family': 'metrics_only', 'num_features': 5}",5,tuned,1,Selected by recall then f1 using validation_threshold metrics within dataset under policy hybrid_validation_then_tuned,0.9450951814651489,correct,loc,branchCount,v_g,"loc,branchCount,v_g",,,,,,,,,,,,,,,,,,,,,,,,,,,,,,,,,,,,,
kc1,xgb,2.0,1.0,1.0,1.0,4.0,8.0,0.67,1.5,5.33,12.0,0.0,0.67,0.0,0.0,0.0,0.0,3.0,1.0,3.0,1.0,1.0,0,row_792,kc1,0.05490482226014137,0,0.4768067896366119,True,tn,metrics_only,metrics_only,,False,paper-v1,error_analysis,kc1::xgb::tuned_best_table,kc1::xgb,2026-06-27T05:31:34,C:\Users\Dam Hieu\Desktop\CNDM - VIẾT BÁO + KLTN\prototype\results\tables\results_table.csv,C:\Users\Dam Hieu\Desktop\CNDM - VIẾT BÁO + KLTN\prototype\models\metrics_tuned\kc1\xgb_candidate1.joblib,saved_split,C:\Users\Dam Hieu\Desktop\CNDM - VIẾT BÁO + KLTN\prototype\data\splits\kc1\manifest.json,"{'feature_family': 'metrics_only', 'num_features': 5}",5,tuned,1,Selected by recall then f1 using validation_threshold metrics within dataset under policy hybrid_validation_then_tuned,0.9450951814651489,correct,loc,branchCount,v_g,"loc,branchCount,v_g",,,,,,,,,,,,,,,,,,,,,,,,,,,,,,,,,,,,,
kc1,xgb,2.0,1.0,1.0,1.0,3.0,4.75,1.0,1.0,4.75,4.75,0.0,0.26,0.0,0.0,0.0,0.0,2.0,1.0,2.0,1.0,1.0,1,row_143,kc1,0.05490482226014137,0,0.4768067896366119,False,fn,metrics_only,metrics_only,,False,paper-v1,error_analysis,kc1::xgb::tuned_best_table,kc1::xgb,2026-06-27T05:31:34,C:\Users\Dam Hieu\Desktop\CNDM - VIẾT BÁO + KLTN\prototype\results\tables\results_table.csv,C:\Users\Dam Hieu\Desktop\CNDM - VIẾT BÁO + KLTN\prototype\models\metrics_tuned\kc1\xgb_candidate1.joblib,saved_split,C:\Users\Dam Hieu\Desktop\CNDM - VIẾT BÁO + KLTN\prototype\data\splits\kc1\manifest.json,"{'feature_family': 'metrics_only', 'num_features': 5}",5,tuned,1,Selected by recall then f1 using validation_threshold metrics within dataset under policy hybrid_validation_then_tuned,0.9450951814651489,incorrect,loc,branchCount,v_g,"loc,branchCount,v_g",,,,,,,,,,,,,,,,,,,,,,,,,,,,,,,,,,,,,
kc1,xgb,88.0,15.0,1.0,14.0,255.0,1446.47,0.04,23.54,61.44,34054.0,0.48,1891.89,78.0,0.0,6.0,0.0,16.0,35.0,152.0,103.0,29.0,0,row_974,kc1,0.9007378816604614,1,0.4768067896366119,False,fp,metrics_only,metrics_only,,False,paper-v1,error_analysis,kc1::xgb::tuned_best_table,kc1::xgb,2026-06-27T05:31:34,C:\Users\Dam Hieu\Desktop\CNDM - VIẾT BÁO + KLTN\prototype\results\tables\results_table.csv,C:\Users\Dam Hieu\Desktop\CNDM - VIẾT BÁO + KLTN\prototype\models\metrics_tuned\kc1\xgb_candidate1.joblib,saved_split,C:\Users\Dam Hieu\Desktop\CNDM - VIẾT BÁO + KLTN\prototype\data\splits\kc1\manifest.json,"{'feature_family': 'metrics_only', 'num_features': 5}",5,tuned,1,Selected by recall then f1 using validation_threshold metrics within dataset under policy hybrid_validation_then_tuned,0.9007378816604614,incorrect,loc,branchCount,v_g,"loc,branchCount,v_g",,,,,,,,,,,,,,,,,,,,,,,,,,,,,,,,,,,,,
kc1,xgb,3.0,1.0,1.0,1.0,1.0,0.0,0.0,0.0,0.0,0.0,0.0,0.0,1.0,0.0,0.0,0.0,1.0,0.0,1.0,0.0,1.0,1,row_188,kc1,0.12679734826087952,0,0.4768067896366119,False,fn,metrics_only,metrics_only,,False,paper-v1,error_analysis,kc1::xgb::tuned_best_table,kc1::xgb,2026-06-27T05:31:34,C:\Users\Dam Hieu\Desktop\CNDM - VIẾT BÁO + KLTN\prototype\results\tables\results_table.csv,C:\Users\Dam Hieu\Desktop\CNDM - VIẾT BÁO + KLTN\prototype\models\metrics_tuned\kc1\xgb_candidate1.joblib,saved_split,C:\Users\Dam Hieu\Desktop\CNDM - VIẾT BÁO + KLTN\prototype\data\splits\kc1\manifest.json,"{'feature_family': 'metrics_only', 'num_features': 5}",5,tuned,1,Selected by recall then f1 using validation_threshold metrics within dataset under policy hybrid_validation_then_tuned,0.8732026815414429,incorrect,loc,branchCount,v_g,"loc,branchCount,v_g",,,,,,,,,,,,,,,,,,,,,,,,,,,,,,,,,,,,,
kc1,xgb,83.0,7.0,1.0,6.0,224.0,1312.19,0.06,16.55,79.31,21710.74,0.44,1206.15,61.0,5.0,12.0,3.0,14.0,44.0,120.0,104.0,13.0,0,row_912,kc1,0.8620415925979614,1,0.4768067896366119,False,fp,metrics_only,metrics_only,,False,paper-v1,error_analysis,kc1::xgb::tuned_best_table,kc1::xgb,2026-06-27T05:31:34,C:\Users\Dam Hieu\Desktop\CNDM - VIẾT BÁO + KLTN\prototype\results\tables\results_table.csv,C:\Users\Dam Hieu\Desktop\CNDM - VIẾT BÁO + KLTN\prototype\models\metrics_tuned\kc1\xgb_candidate1.joblib,saved_split,C:\Users\Dam Hieu\Desktop\CNDM - VIẾT BÁO + KLTN\prototype\data\splits\kc1\manifest.json,"{'feature_family': 'metrics_only', 'num_features': 5}",5,tuned,1,Selected by recall then f1 using validation_threshold metrics within dataset under policy hybrid_validation_then_tuned,0.8620415925979614,incorrect,loc,branchCount,v_g,"loc,branchCount,v_g",,,,,,,,,,,,,,,,,,,,,,,,,,,,,,,,,,,,,
kc1,xgb,143.0,17.0,1.0,6.0,345.0,2046.1,0.04,26.47,77.31,54152.01,0.68,3008.45,98.0,19.0,21.0,3.0,17.0,44.0,208.0,137.0,33.0,0,row_836,kc1,0.8587666749954224,1,0.4768067896366119,False,fp,metrics_only,metrics_only,,False,paper-v1,error_analysis,kc1::xgb::tuned_best_table,kc1::xgb,2026-06-27T05:31:34,C:\Users\Dam Hieu\Desktop\CNDM - VIẾT BÁO + KLTN\prototype\results\tables\results_table.csv,C:\Users\Dam Hieu\Desktop\CNDM - VIẾT BÁO + KLTN\prototype\models\metrics_tuned\kc1\xgb_candidate1.joblib,saved_split,C:\Users\Dam Hieu\Desktop\CNDM - VIẾT BÁO + KLTN\prototype\data\splits\kc1\manifest.json,"{'feature_family': 'metrics_only', 'num_features': 5}",5,tuned,1,Selected by recall then f1 using validation_threshold metrics within dataset under policy hybrid_validation_then_tuned,0.8587666749954224,incorrect,loc,branchCount,v_g,"loc,branchCount,v_g",,,,,,,,,,,,,,,,,,,,,,,,,,,,,,,,,,,,,
openstack,lgbm,,,,,,,,,,,,,,,,,,,,,,1,d2a5c0f982e8e4f9fbdce17b90925b8d8df56c75,openstack,0.9314640937983617,1,0.466785568870866,True,tp,metrics_plus_commit_text,metrics_plus_commit_text,commit_text,True,paper-v1,error_analysis,openstack::lgbm::training,openstack::lgbm,,C:\Users\Dam Hieu\Desktop\CNDM - VIẾT BÁO + KLTN\prototype\results\tables\hybrid_tfidf_results.csv,C:\Users\Dam Hieu\Desktop\CNDM - VIẾT BÁO + KLTN\prototype\models\hybrid_tfidf\lgbm_openstack.joblib,jitline_native_split,,"{'feature_family': 'metrics_plus_commit_text', 'num_features': 1022}",1022,hybrid_tfidf,1,Selected by recall then f1 using validation metrics within dataset under policy hybrid_validation_then_tuned,0.9314640937983617,tp,la,ent,nf,"la,ent,nf","openflow distributed router support in nec plugin implements blueprint nec-distribute-router two types of neutron router will be supported : l3-agent and distributed . a type can be specified through `` provider '' attribute of a router . the naming of the attribute `` provider '' is intentional since i plan to support the service provider framework for router in the future and would like to make it easy to migrate . distributed router in nec openflow controller now does not support nat , so l3-agent and distributed router coexists . to achieve it , l3-agent scheudler logic is modified in nec plugin to exclude distributed routers from candidates of floating ip hosting routers . to support the above feature , the following related changes are done : - adds a new driver to pfc driver which supports openflow based router support in nec openflow products in pflow v5 . - update ofc_client to extract detail error message from openflow controller this commit also changes the following outside of nec plugin : - makes l3 agent notifiers configurable . l3-agent router and openflow distributed router can coexist . notication to l3-agent should be done only when routers are hosted by l3-agent , so we need custom l3 agent notifiers to filter non l3-agent routers . - split test_agent_scheduler base class ( in ovs plugin ) into the base setup and testcases . by doing so we can implement custom testcases related to agent scheduler . change-id : i538201742950a61b92fb05c49a9256bc96ae9014",1450.0,137.0,27.0,1.0,10.0,,15.0,,32.0,223955.44444444444,,815.0,,test,d2a5c0f982e8e4f9fbdce17b90925b8d8df56c75,0.8485846601880049,11.0,988287.0,23.0,False,2.0,290.0,282.0,788.0,38.0,193.0,0.168103448275862,0.8362068965517241,,,,,,,,
openstack,lgbm,,,,,,,,,,,,,,,,,,,,,,1,5581cb3492688eecdd1d9a1a9568933450d2dc18,openstack,0.9114362525787834,1,0.466785568870866,True,tp,metrics_plus_commit_text,metrics_plus_commit_text,commit_text,True,paper-v1,error_analysis,openstack::lgbm::training,openstack::lgbm,,C:\Users\Dam Hieu\Desktop\CNDM - VIẾT BÁO + KLTN\prototype\results\tables\hybrid_tfidf_results.csv,C:\Users\Dam Hieu\Desktop\CNDM - VIẾT BÁO + KLTN\prototype\models\hybrid_tfidf\lgbm_openstack.joblib,jitline_native_split,,"{'feature_family': 'metrics_plus_commit_text', 'num_features': 1022}",1022,hybrid_tfidf,1,Selected by recall then f1 using validation metrics within dataset under policy hybrid_validation_then_tuned,0.9114362525787834,tp,la,ent,nf,"la,ent,nf","netapp storage service feature support this change introduces storage service feature for netapp drivers . it reports back supported service features like mirroring , deduplication , compression etc . to the scheduler which can be used to shortlist backends . it accepts extra_specs defined in volume type with the service features and provisions volumes based on the requested spec . blueprint cinder-nfs-driver-qos change-id : i0706af2fe39b2db111a6d98b016307fc63f74dc6",1437.0,126.0,11.0,1.0,3.0,,24.0,,60.0,875701.4545454546,,771.0,,test,5581cb3492688eecdd1d9a1a9568933450d2dc18,0.7555688460849467,10.0,937199.0,7.0,False,1.0,11.0,11.0,740.0,11.0,641.0,0.0163710777626193,0.8758526603001364,,,,,,,,
openstack,lgbm,,,,,,,,,,,,,,,,,,,,,,1,2e323ba7b154c6bdb76a4c018e99004dabcb8420,openstack,0.9034097867996366,1,0.466785568870866,True,tp,metrics_plus_commit_text,metrics_plus_commit_text,commit_text,True,paper-v1,error_analysis,openstack::lgbm::training,openstack::lgbm,,C:\Users\Dam Hieu\Desktop\CNDM - VIẾT BÁO + KLTN\prototype\results\tables\hybrid_tfidf_results.csv,C:\Users\Dam Hieu\Desktop\CNDM - VIẾT BÁO + KLTN\prototype\models\hybrid_tfidf\lgbm_openstack.joblib,jitline_native_split,,"{'feature_family': 'metrics_plus_commit_text', 'num_features': 1022}",1022,hybrid_tfidf,1,Selected by recall then f1 using validation metrics within dataset under policy hybrid_validation_then_tuned,0.9034097867996366,tp,la,ent,nf,"la,ent,nf","driver for ibm sonas and storwize v7000 unified the ibm nas driver currently implemented to work over nfs protocol , and implements required set of features for openstack icehouse release , using the features of these storage products . it allows ibm® sonas® and storwize® v7000 unified filers to host storage for openstack environment by integrating with openstack cinder service . docimpact change-id : i0d630bf7e69454b88e9d1e93b4099631f6138204 implements : blueprint ibm-nas-volume-driver related-bug : # 1281152",551.0,0.0,3.0,1.0,3.0,,26.0,,50.0,56317.333333333336,,521.0,,test,2e323ba7b154c6bdb76a4c018e99004dabcb8420,0.7424153900981557,28.0,5171542.0,74.0,False,2.0,0.0,0.0,472.0,0.0,497.0,0.000780031201248,0.3884555382215288,,,,,,,,
openstack,lgbm,,,,,,,,,,,,,,,,,,,,,,1,dbacb52f420364cb85500a9c132207670afef4b5,openstack,0.8955062058821316,1,0.466785568870866,True,tp,metrics_plus_commit_text,metrics_plus_commit_text,commit_text,True,paper-v1,error_analysis,openstack::lgbm::training,openstack::lgbm,,C:\Users\Dam Hieu\Desktop\CNDM - VIẾT BÁO + KLTN\prototype\results\tables\hybrid_tfidf_results.csv,C:\Users\Dam Hieu\Desktop\CNDM - VIẾT BÁO + KLTN\prototype\models\hybrid_tfidf\lgbm_openstack.joblib,jitline_native_split,,"{'feature_family': 'metrics_plus_commit_text', 'num_features': 1022}",1022,hybrid_tfidf,1,Selected by recall then f1 using validation metrics within dataset under policy hybrid_validation_then_tuned,0.8955062058821316,tp,la,ent,nf,"la,ent,nf",enables bigswitch/restproxy ml2 vlan driver refactors bigswitch/restproxy plugin by separating into reusable libraries that can be used by the plugin as well as the ml2 driver to proxy calls to the backend controller . enables basic unit tests for the ml2 driver . removes deprecated separate unplug/plug operations on ports . implements : blueprint bigswitch-ml2-driver change-id : i4e22ba7e20ec4f405b9fd34a1bf08a48544f317d,364.0,313.0,6.0,1.0,5.0,,14.0,,27.0,2737523.0,,1149.0,,test,dbacb52f420364cb85500a9c132207670afef4b5,0.4775796537689324,30.0,3281992.0,50.0,False,3.0,26.0,26.0,991.0,18.0,564.0,0.0258152173913043,0.7676630434782609,,,,,,,,
openstack,lgbm,,,,,,,,,,,,,,,,,,,,,,1,34d3e21a408c96632ec94742ad0e30796b0b4968,openstack,0.8923504379550091,1,0.466785568870866,True,tp,metrics_plus_commit_text,metrics_plus_commit_text,commit_text,True,paper-v1,error_analysis,openstack::lgbm::training,openstack::lgbm,,C:\Users\Dam Hieu\Desktop\CNDM - VIẾT BÁO + KLTN\prototype\results\tables\hybrid_tfidf_results.csv,C:\Users\Dam Hieu\Desktop\CNDM - VIẾT BÁO + KLTN\prototype\models\hybrid_tfidf\lgbm_openstack.joblib,jitline_native_split,,"{'feature_family': 'metrics_plus_commit_text', 'num_features': 1022}",1022,hybrid_tfidf,1,Selected by recall then f1 using validation metrics within dataset under policy hybrid_validation_then_tuned,0.8923504379550091,tp,la,ent,nf,"la,ent,nf",implement l3 support in metaplugin added flavor : route property for router rename flavor : id to flavor : network fixes bug 1038778 change-id : ia358b4f03c1b96ade2d1b7323298b117b2cbe52a,218.0,57.0,12.0,1.0,7.0,,6.0,,16.0,278168.6666666667,,172.0,,test,34d3e21a408c96632ec94742ad0e30796b0b4968,0.6813133809108252,12.0,-26443548.0,15.0,False,2.0,27.0,27.0,172.0,18.0,135.0,0.0798319327731092,0.5714285714285714,,,,,,,,
openstack,lgbm,,,,,,,,,,,,,,,,,,,,,,1,8eb7ca51c0bfda334eda8a25d599aa1d9cd21c22,openstack,0.046156855498343655,0,0.466785568870866,False,fn,metrics_plus_commit_text,metrics_plus_commit_text,commit_text,True,paper-v1,error_analysis,openstack::lgbm::training,openstack::lgbm,,C:\Users\Dam Hieu\Desktop\CNDM - VIẾT BÁO + KLTN\prototype\results\tables\hybrid_tfidf_results.csv,C:\Users\Dam Hieu\Desktop\CNDM - VIẾT BÁO + KLTN\prototype\models\hybrid_tfidf\lgbm_openstack.joblib,jitline_native_split,,"{'feature_family': 'metrics_plus_commit_text', 'num_features': 1022}",1022,hybrid_tfidf,1,Selected by recall then f1 using validation metrics within dataset under policy hybrid_validation_then_tuned,0.9538431445016563,fn,la,ent,nf,"la,ent,nf",treat invalid namespace call fixes bug 1060559 change-id : i29250100416b87f55781fb7e97339f6d3761513f,1.0,0.0,1.0,1.0,1.0,,8.0,,17.0,876880.0,,277.0,,test,8eb7ca51c0bfda334eda8a25d599aa1d9cd21c22,0.0,1.0,-21679992.0,2.0,False,3.0,239.0,239.0,275.0,229.0,230.0,0.625,0.6277173913043478,,,,,,,,
openstack,lgbm,,,,,,,,,,,,,,,,,,,,,,1,a67bce77e12b5af7fd5fae7946c96d483ecede92,openstack,0.06452283464576081,0,0.466785568870866,False,fn,metrics_plus_commit_text,metrics_plus_commit_text,commit_text,True,paper-v1,error_analysis,openstack::lgbm::training,openstack::lgbm,,C:\Users\Dam Hieu\Desktop\CNDM - VIẾT BÁO + KLTN\prototype\results\tables\hybrid_tfidf_results.csv,C:\Users\Dam Hieu\Desktop\CNDM - VIẾT BÁO + KLTN\prototype\models\hybrid_tfidf\lgbm_openstack.joblib,jitline_native_split,,"{'feature_family': 'metrics_plus_commit_text', 'num_features': 1022}",1022,hybrid_tfidf,1,Selected by recall then f1 using validation metrics within dataset under policy hybrid_validation_then_tuned,0.9354771653542392,fn,la,ent,nf,"la,ent,nf",switch agent report_interval option to float being able to set report_interval > 0 and < 1 makes it easier to consistently reproduce rpc race conditions . change-id : i4d907159147177e98b043e7e800aea5cf8c23103 related-bug : # 1224001,1.0,1.0,1.0,1.0,1.0,,2.0,,2.0,4240456.0,,811.0,,test,a67bce77e12b5af7fd5fae7946c96d483ecede92,0.0,1.0,159084.0,9.0,False,5.0,96.0,64.0,735.0,11.0,191.0,0.0294840294840294,0.4717444717444717,,,,,,,,
openstack,lgbm,,,,,,,,,,,,,,,,,,,,,,1,7d408aa8db7bcec158f9ab61702a39324cc8db28,openstack,0.088510063845124,0,0.466785568870866,False,fn,metrics_plus_commit_text,metrics_plus_commit_text,commit_text,True,paper-v1,error_analysis,openstack::lgbm::training,openstack::lgbm,,C:\Users\Dam Hieu\Desktop\CNDM - VIẾT BÁO + KLTN\prototype\results\tables\hybrid_tfidf_results.csv,C:\Users\Dam Hieu\Desktop\CNDM - VIẾT BÁO + KLTN\prototype\models\hybrid_tfidf\lgbm_openstack.joblib,jitline_native_split,,"{'feature_family': 'metrics_plus_commit_text', 'num_features': 1022}",1022,hybrid_tfidf,1,Selected by recall then f1 using validation metrics within dataset under policy hybrid_validation_then_tuned,0.9114899361548761,fn,la,ent,nf,"la,ent,nf",fixes a bug in attaching volumes on hyper-v fixes bug : # 1122264 the cim v2 wmi context needs to be instantiated by the basevolumeutils class and not passed by the caller of get_iscsi_initiator ( ) . change-id : i811b5bd0117b0035c18e5c90169b25a095bc54e9,4.0,3.0,1.0,1.0,1.0,,4.0,,4.0,1195180.0,,1784.0,,test,7d408aa8db7bcec158f9ab61702a39324cc8db28,0.0,1.0,37615.0,2.0,False,2.0,26.0,26.0,1654.0,20.0,1671.0,0.0054916317991631,0.4372384937238494,,,,,,,,
openstack,lgbm,,,,,,,,,,,,,,,,,,,,,,1,51ec9380383ce6a7d94ccc6963bed26ca9065fce,openstack,0.14591536186150444,0,0.466785568870866,False,fn,metrics_plus_commit_text,metrics_plus_commit_text,commit_text,True,paper-v1,error_analysis,openstack::lgbm::training,openstack::lgbm,,C:\Users\Dam Hieu\Desktop\CNDM - VIẾT BÁO + KLTN\prototype\results\tables\hybrid_tfidf_results.csv,C:\Users\Dam Hieu\Desktop\CNDM - VIẾT BÁO + KLTN\prototype\models\hybrid_tfidf\lgbm_openstack.joblib,jitline_native_split,,"{'feature_family': 'metrics_plus_commit_text', 'num_features': 1022}",1022,hybrid_tfidf,1,Selected by recall then f1 using validation metrics within dataset under policy hybrid_validation_then_tuned,0.8540846381384956,fn,la,ent,nf,"la,ent,nf",remove brick deps on cinder.exception this patch removes more cinder.exception dependencies from brick . this involves moving some exceptions into brick 's exception module . change-id : i577d403f02c2fd0d727d2694776008e1e9791453,22.0,25.0,4.0,1.0,4.0,,38.0,,68.0,1228.0,,464.0,,test,51ec9380383ce6a7d94ccc6963bed26ca9065fce,0.9546091610800066,3.0,339055.0,11.0,False,3.0,99.0,99.0,458.0,92.0,435.0,0.1146732429099876,0.5376078914919852,,,,,,,,
openstack,lgbm,,,,,,,,,,,,,,,,,,,,,,1,3569168437c732d4cb33fbf3023d0c0ea85f3258,openstack,0.14610145054488377,0,0.466785568870866,False,fn,metrics_plus_commit_text,metrics_plus_commit_text,commit_text,True,paper-v1,error_analysis,openstack::lgbm::training,openstack::lgbm,,C:\Users\Dam Hieu\Desktop\CNDM - VIẾT BÁO + KLTN\prototype\results\tables\hybrid_tfidf_results.csv,C:\Users\Dam Hieu\Desktop\CNDM - VIẾT BÁO + KLTN\prototype\models\hybrid_tfidf\lgbm_openstack.joblib,jitline_native_split,,"{'feature_family': 'metrics_plus_commit_text', 'num_features': 1022}",1022,hybrid_tfidf,1,Selected by recall then f1 using validation metrics within dataset under policy hybrid_validation_then_tuned,0.8538985494551162,fn,la,ent,nf,"la,ent,nf","fix instance object handling of implied fields the situation around info_cache and security_groups is a bit confusing and inconsistent at the moment . since some of the `` all '' queries do n't join info_cache and security_groups , avoid assuming that they are there , either triggering an unintentional lazy load , or a keyerror in a few cases where the db api returns a dict . also , do n't ever allow us to recurse into another instance object looking for a loaded attribute in case it fails to load from the get query . related to blueprint unified-object-model change-id : i40b72274cd24034b03c8e07af56e7c8d49b6b898",9.0,5.0,1.0,1.0,1.0,,4.0,,21.0,18644.0,,558.0,,test,3569168437c732d4cb33fbf3023d0c0ea85f3258,0.0,2.0,163383.0,4.0,False,3.0,636.0,634.0,503.0,617.0,533.0,0.1170898067449791,0.1011746873815839,,,,,,,,
openstack,lgbm,,,,,,,,,,,,,,,,,,,,,,0,d4c3047ba4d46b3b6fe56940832e6e1142c2e441,openstack,0.9354264968690172,1,0.466785568870866,False,fp,metrics_plus_commit_text,metrics_plus_commit_text,commit_text,True,paper-v1,error_analysis,openstack::lgbm::training,openstack::lgbm,,C:\Users\Dam Hieu\Desktop\CNDM - VIẾT BÁO + KLTN\prototype\results\tables\hybrid_tfidf_results.csv,C:\Users\Dam Hieu\Desktop\CNDM - VIẾT BÁO + KLTN\prototype\models\hybrid_tfidf\lgbm_openstack.joblib,jitline_native_split,,"{'feature_family': 'metrics_plus_commit_text', 'num_features': 1022}",1022,hybrid_tfidf,1,Selected by recall then f1 using validation metrics within dataset under policy hybrid_validation_then_tuned,0.9354264968690172,fp,la,ent,nf,"la,ent,nf","embrane neutron plugin implements blueprint embrane-neutron-plugin this commit implements the main embrane plugin , which covers route and extratoute extensions . the plugin will rely on existing plugins for leveraging l2 networks , for now it only supports openvswitch and vlan networks , but more supports are to come if the model is approved ( or a different one is suggested ) . change-id : i90aff8ec4324bd3a7c59c411374db6a118d1a72b",849.0,0.0,28.0,1.0,9.0,,1.0,,1.0,339578.6071428572,,777.0,,test,d4c3047ba4d46b3b6fe56940832e6e1142c2e441,0.6801461625198627,20.0,3780834.0,25.0,False,2.0,0.0,0.0,736.0,0.0,86.0,0.0099009900990099,0.8613861386138614,,,,,,,,
openstack,lgbm,,,,,,,,,,,,,,,,,,,,,,0,bf882fbc4aa68cf0191bce70e622d81969617c02,openstack,0.9242367760914056,1,0.466785568870866,False,fp,metrics_plus_commit_text,metrics_plus_commit_text,commit_text,True,paper-v1,error_analysis,openstack::lgbm::training,openstack::lgbm,,C:\Users\Dam Hieu\Desktop\CNDM - VIẾT BÁO + KLTN\prototype\results\tables\hybrid_tfidf_results.csv,C:\Users\Dam Hieu\Desktop\CNDM - VIẾT BÁO + KLTN\prototype\models\hybrid_tfidf\lgbm_openstack.joblib,jitline_native_split,,"{'feature_family': 'metrics_plus_commit_text', 'num_features': 1022}",1022,hybrid_tfidf,1,Selected by recall then f1 using validation metrics within dataset under policy hybrid_validation_then_tuned,0.9242367760914056,fp,la,ent,nf,"la,ent,nf",vmware : create datastore utility functions the patch moves datastore interfaces from vmops and vm_util to a separate file - ds_util . this is part of the blueprint vmware-image-cache-management . in the past the datastore methods would poll the task to determine that it had completed . this has beem addressed by making the driver _poll_task return the task information . the patch set also solves the following bugs by checking if the filealreadyexistsexception exception is raised . this could be due to another process or thread creating the file . closes-bug : 1230047 closes-bug : 1254128 change-id : i788e33dbcb3dedc41831b976137607274b1c02ca,362.0,172.0,8.0,1.0,2.0,,67.0,,185.0,718732.875,,1418.0,,test,bf882fbc4aa68cf0191bce70e622d81969617c02,0.7534241766599217,50.0,6216709.0,88.0,False,5.0,1583.0,1380.0,1316.0,728.0,1393.0,0.1051948051948051,0.2011544011544011,,,,,,,,
openstack,lgbm,,,,,,,,,,,,,,,,,,,,,,0,f572a5eb93bff8b57b8a8a4aa92df86750c0843a,openstack,0.9157692434384372,1,0.466785568870866,False,fp,metrics_plus_commit_text,metrics_plus_commit_text,commit_text,True,paper-v1,error_analysis,openstack::lgbm::training,openstack::lgbm,,C:\Users\Dam Hieu\Desktop\CNDM - VIẾT BÁO + KLTN\prototype\results\tables\hybrid_tfidf_results.csv,C:\Users\Dam Hieu\Desktop\CNDM - VIẾT BÁO + KLTN\prototype\models\hybrid_tfidf\lgbm_openstack.joblib,jitline_native_split,,"{'feature_family': 'metrics_plus_commit_text', 'num_features': 1022}",1022,hybrid_tfidf,1,Selected by recall then f1 using validation metrics within dataset under policy hybrid_validation_then_tuned,0.9157692434384372,fp,la,ent,nf,"la,ent,nf","initial modular l2 plugin implementation . the modular l2 plugin uses drivers to support separately extensible sets of network types and of mechanisms for accessing networks of those types . this is an initial implementation that has been tested with the openvswitch and linuxbridge agents , and should also work with the hyperv agent . see quantum/plugins/ml2/readme for details . implements : blueprint modular-l2 change-id : ia8cae480180f0990af7d5e5e56f29eaeac205e0e",1241.0,0.0,21.0,1.0,5.0,,2.0,,6.0,127428.80952380953,,329.0,,test,f572a5eb93bff8b57b8a8a4aa92df86750c0843a,0.7920657143173802,9.0,-3204451.0,30.0,False,3.0,123.0,123.0,328.0,110.0,298.0,0.3008130081300813,0.8102981029810298,,,,,,,,
openstack,lgbm,,,,,,,,,,,,,,,,,,,,,,0,f43eb49f56accab87e4d1b6defcf78d1e697f9e6,openstack,0.9061304956974131,1,0.466785568870866,False,fp,metrics_plus_commit_text,metrics_plus_commit_text,commit_text,True,paper-v1,error_analysis,openstack::lgbm::training,openstack::lgbm,,C:\Users\Dam Hieu\Desktop\CNDM - VIẾT BÁO + KLTN\prototype\results\tables\hybrid_tfidf_results.csv,C:\Users\Dam Hieu\Desktop\CNDM - VIẾT BÁO + KLTN\prototype\models\hybrid_tfidf\lgbm_openstack.joblib,jitline_native_split,,"{'feature_family': 'metrics_plus_commit_text', 'num_features': 1022}",1022,hybrid_tfidf,1,Selected by recall then f1 using validation metrics within dataset under policy hybrid_validation_then_tuned,0.9061304956974131,fp,la,ent,nf,"la,ent,nf",support for nvp advanced service router when creating an lr : - deploy an edge asynchronously - create a l2 switch for connecting lr and edge - attach a router port to the l2 switch . - assign ip address 169.254.2.1/28 and nexthop 169.254.2.3 to lr when set external gateway : - configure edge interface and default gateway - add static routes to edge for all logic networks attached to lr via nexthop 169.254.2.1 - configure snat rules for all logic networks attached to lr when add router interface : - add static route/snat rule for the network attached to lr when associate floating ip address : - configure dnat rule for the floating ip and the port tests being done : - verified edge is deployed asynchronously and lr is attached to the internal created l2 switch - manually attach edge 's vnic to the l2 switch and edge is able to ping 169.254.2.1 - verified router-delete deletes edge asynchronously and remove the internal l2 switch - verified snat/dnat/static-routes rules are configured on edge in correct order - verified external vnic ip address/netmask and default gateway is configured implements : blueprint nvp-service-router change-id : if9eff53df4d65cf4e318dedbfaafc742f6c6ab7f,1045.0,117.0,15.0,1.0,6.0,,11.0,,38.0,39667.6,,508.0,,test,f43eb49f56accab87e4d1b6defcf78d1e697f9e6,0.6146478269396158,30.0,1945012.0,48.0,False,2.0,3.0,3.0,440.0,1.0,111.0,0.0085836909871244,0.4806866952789699,,,,,,,,
openstack,lgbm,,,,,,,,,,,,,,,,,,,,,,0,f8de8c4450ab0d8483ccfcfcca48e21fea71c637,openstack,0.890451611509962,1,0.466785568870866,False,fp,metrics_plus_commit_text,metrics_plus_commit_text,commit_text,True,paper-v1,error_analysis,openstack::lgbm::training,openstack::lgbm,,C:\Users\Dam Hieu\Desktop\CNDM - VIẾT BÁO + KLTN\prototype\results\tables\hybrid_tfidf_results.csv,C:\Users\Dam Hieu\Desktop\CNDM - VIẾT BÁO + KLTN\prototype\models\hybrid_tfidf\lgbm_openstack.joblib,jitline_native_split,,"{'feature_family': 'metrics_plus_commit_text', 'num_features': 1022}",1022,hybrid_tfidf,1,Selected by recall then f1 using validation metrics within dataset under policy hybrid_validation_then_tuned,0.890451611509962,fp,la,ent,nf,"la,ent,nf","lbaas agent reference implementation implements blueprint lbaas-namespace-agent this a reference implemention of the quantum load balancing service using haproxy . the implemention is designed for vendors , developers , and deployers to become familiar with the api and service workflow . this change also adds some constraint checks for data integrity . change-id : i10a67da11840477ccf063b98149f4f77248802a1",1524.0,243.0,31.0,3.0,19.0,,77.0,,202.0,83941.71875,,455.0,,test,f8de8c4450ab0d8483ccfcfcca48e21fea71c637,0.7506917798418604,13.0,-11101224.0,22.0,False,2.0,286.0,286.0,427.0,264.0,381.0,0.3060046189376443,0.441108545034642,,,,,,,,
openstack,lgbm,,,,,,,,,,,,,,,,,,,,,,0,c3797dc5e2532482327c5e8c94964b1d54e9c719,openstack,0.013796012180295837,0,0.466785568870866,True,tn,metrics_plus_commit_text,metrics_plus_commit_text,commit_text,True,paper-v1,error_analysis,openstack::lgbm::training,openstack::lgbm,,C:\Users\Dam Hieu\Desktop\CNDM - VIẾT BÁO + KLTN\prototype\results\tables\hybrid_tfidf_results.csv,C:\Users\Dam Hieu\Desktop\CNDM - VIẾT BÁO + KLTN\prototype\models\hybrid_tfidf\lgbm_openstack.joblib,jitline_native_split,,"{'feature_family': 'metrics_plus_commit_text', 'num_features': 1022}",1022,hybrid_tfidf,1,Selected by recall then f1 using validation metrics within dataset under policy hybrid_validation_then_tuned,0.9862039878197042,tn,la,ent,nf,"la,ent,nf","fix archivetestcase on postgresql test_archive_deleted_rows_no_id_column ( ) filters dnsdomain instances by value of 'deleted ' column ( which is of type boolean ) . integer value 1 is passed instead of boolean value true . this works great on mysql and sqlite , but fails on postgresql which is more strict when checking data types of passed values . blueprint : db-api-tests-on-all-backends change-id : i06c8ba323cff02804d0aef3bf56892c111f67226",1.0,1.0,1.0,1.0,1.0,,36.0,,85.0,254725.0,,2493.0,,test,c3797dc5e2532482327c5e8c94964b1d54e9c719,0.0,2.0,2061140.0,9.0,False,4.0,42.0,42.0,2030.0,15.0,2238.0,0.0028505255656511,0.3988954213433102,,,,,,,,
openstack,lgbm,,,,,,,,,,,,,,,,,,,,,,0,40b98d32a0ed235cc01fe85b3f6498ad3fdd8d6a,openstack,0.01412678103068193,0,0.466785568870866,True,tn,metrics_plus_commit_text,metrics_plus_commit_text,commit_text,True,paper-v1,error_analysis,openstack::lgbm::training,openstack::lgbm,,C:\Users\Dam Hieu\Desktop\CNDM - VIẾT BÁO + KLTN\prototype\results\tables\hybrid_tfidf_results.csv,C:\Users\Dam Hieu\Desktop\CNDM - VIẾT BÁO + KLTN\prototype\models\hybrid_tfidf\lgbm_openstack.joblib,jitline_native_split,,"{'feature_family': 'metrics_plus_commit_text', 'num_features': 1022}",1022,hybrid_tfidf,1,Selected by recall then f1 using validation metrics within dataset under policy hybrid_validation_then_tuned,0.9858732189693181,tn,la,ent,nf,"la,ent,nf",bug lp:829064 removed the fetchfile ( ) and execute ( ) methods.. all tests are passing . change-id : if32dff06911e9224da2a31fbc53b92db1b7bb0ca,0.0,25.0,1.0,1.0,1.0,,1.0,,1.0,681895.0,,27.0,,test,40b98d32a0ed235cc01fe85b3f6498ad3fdd8d6a,0.0,1.0,106153.0,2.0,False,2.0,23.0,23.0,26.0,21.0,23.0,0.9166666666666666,1.0,,,,,,,,
openstack,lgbm,,,,,,,,,,,,,,,,,,,,,,0,1da15a50515255675c2d280edff9774a4059b628,openstack,0.014193137715281946,0,0.466785568870866,True,tn,metrics_plus_commit_text,metrics_plus_commit_text,commit_text,True,paper-v1,error_analysis,openstack::lgbm::training,openstack::lgbm,,C:\Users\Dam Hieu\Desktop\CNDM - VIẾT BÁO + KLTN\prototype\results\tables\hybrid_tfidf_results.csv,C:\Users\Dam Hieu\Desktop\CNDM - VIẾT BÁO + KLTN\prototype\models\hybrid_tfidf\lgbm_openstack.joblib,jitline_native_split,,"{'feature_family': 'metrics_plus_commit_text', 'num_features': 1022}",1022,hybrid_tfidf,1,Selected by recall then f1 using validation metrics within dataset under policy hybrid_validation_then_tuned,0.985806862284718,tn,la,ent,nf,"la,ent,nf",remove unnecessary setting of xenapi module attribute this was moved to be class/instance attributes in a previous change and the module attribute no longer needs to be set . change-id : i413ba69444fdd2d246b060ef6280a547a3b46f76,5.0,15.0,1.0,1.0,1.0,,30.0,,80.0,60267.0,,719.0,,test,1da15a50515255675c2d280edff9774a4059b628,0.0,1.0,1938.0,3.0,False,3.0,533.0,533.0,719.0,508.0,662.0,0.3193224592220828,0.4159347553324968,,,,,,,,
openstack,lgbm,,,,,,,,,,,,,,,,,,,,,,0,470ccb85f2ecaff38973854e209f0fabdb117dc0,openstack,0.014469656664798816,0,0.466785568870866,True,tn,metrics_plus_commit_text,metrics_plus_commit_text,commit_text,True,paper-v1,error_analysis,openstack::lgbm::training,openstack::lgbm,,C:\Users\Dam Hieu\Desktop\CNDM - VIẾT BÁO + KLTN\prototype\results\tables\hybrid_tfidf_results.csv,C:\Users\Dam Hieu\Desktop\CNDM - VIẾT BÁO + KLTN\prototype\models\hybrid_tfidf\lgbm_openstack.joblib,jitline_native_split,,"{'feature_family': 'metrics_plus_commit_text', 'num_features': 1022}",1022,hybrid_tfidf,1,Selected by recall then f1 using validation metrics within dataset under policy hybrid_validation_then_tuned,0.9855303433352012,tn,la,ent,nf,"la,ent,nf",fixes a bug in xenapi tests where a string should be int change-id : i202fa5b20c78c02d1072bdae774d9f19e4044fe6,1.0,1.0,1.0,1.0,1.0,,1.0,,1.0,515060.0,,1337.0,,test,470ccb85f2ecaff38973854e209f0fabdb117dc0,0.0,1.0,2185.0,6.0,False,5.0,96.0,96.0,1337.0,91.0,1112.0,0.054054054054054,0.6539365452408931,,,,,,,,
openstack,lgbm,,,,,,,,,,,,,,,,,,,,,,0,145759f6ed2fb7ceefa640a1a7215099746d41ba,openstack,0.015218531291272609,0,0.466785568870866,True,tn,metrics_plus_commit_text,metrics_plus_commit_text,commit_text,True,paper-v1,error_analysis,openstack::lgbm::training,openstack::lgbm,,C:\Users\Dam Hieu\Desktop\CNDM - VIẾT BÁO + KLTN\prototype\results\tables\hybrid_tfidf_results.csv,C:\Users\Dam Hieu\Desktop\CNDM - VIẾT BÁO + KLTN\prototype\models\hybrid_tfidf\lgbm_openstack.joblib,jitline_native_split,,"{'feature_family': 'metrics_plus_commit_text', 'num_features': 1022}",1022,hybrid_tfidf,1,Selected by recall then f1 using validation metrics within dataset under policy hybrid_validation_then_tuned,0.9847814687087274,tn,la,ent,nf,"la,ent,nf","[ xenapi ] cooperatively yield during sparse copy on a resize down the sparse copy blocks other operations from running on the compute node , and can take a long time to finish . this patch adds a greenthread yield to not block other things from happening on the compute node . change-id : i1287a6a0bb3157ad0e5eafe53b02db21849650fa",1.0,0.0,1.0,1.0,1.0,,44.0,,171.0,232363.0,,1823.0,,test,145759f6ed2fb7ceefa640a1a7215099746d41ba,0.0,1.0,7341.0,2.0,False,2.0,100.0,100.0,1594.0,97.0,1608.0,0.0253754531330916,0.4166235111341274,,,,,,,,
openstack,lgbm,,,,,,,,,,,,,,,,,,,,,,0,c3797dc5e2532482327c5e8c94964b1d54e9c719,openstack,0.013796012180295837,0,0.466785568870866,True,tn,metrics_plus_commit_text,metrics_plus_commit_text,commit_text,True,paper-v1,error_analysis,openstack::lgbm::training,openstack::lgbm,,C:\Users\Dam Hieu\Desktop\CNDM - VIẾT BÁO + KLTN\prototype\results\tables\hybrid_tfidf_results.csv,C:\Users\Dam Hieu\Desktop\CNDM - VIẾT BÁO + KLTN\prototype\models\hybrid_tfidf\lgbm_openstack.joblib,jitline_native_split,,"{'feature_family': 'metrics_plus_commit_text', 'num_features': 1022}",1022,hybrid_tfidf,1,Selected by recall then f1 using validation metrics within dataset under policy hybrid_validation_then_tuned,0.9862039878197042,correct,la,ent,nf,"la,ent,nf","fix archivetestcase on postgresql test_archive_deleted_rows_no_id_column ( ) filters dnsdomain instances by value of 'deleted ' column ( which is of type boolean ) . integer value 1 is passed instead of boolean value true . this works great on mysql and sqlite , but fails on postgresql which is more strict when checking data types of passed values . blueprint : db-api-tests-on-all-backends change-id : i06c8ba323cff02804d0aef3bf56892c111f67226",1.0,1.0,1.0,1.0,1.0,,36.0,,85.0,254725.0,,2493.0,,test,c3797dc5e2532482327c5e8c94964b1d54e9c719,0.0,2.0,2061140.0,9.0,False,4.0,42.0,42.0,2030.0,15.0,2238.0,0.0028505255656511,0.3988954213433102,,,,,,,,
openstack,lgbm,,,,,,,,,,,,,,,,,,,,,,0,40b98d32a0ed235cc01fe85b3f6498ad3fdd8d6a,openstack,0.01412678103068193,0,0.466785568870866,True,tn,metrics_plus_commit_text,metrics_plus_commit_text,commit_text,True,paper-v1,error_analysis,openstack::lgbm::training,openstack::lgbm,,C:\Users\Dam Hieu\Desktop\CNDM - VIẾT BÁO + KLTN\prototype\results\tables\hybrid_tfidf_results.csv,C:\Users\Dam Hieu\Desktop\CNDM - VIẾT BÁO + KLTN\prototype\models\hybrid_tfidf\lgbm_openstack.joblib,jitline_native_split,,"{'feature_family': 'metrics_plus_commit_text', 'num_features': 1022}",1022,hybrid_tfidf,1,Selected by recall then f1 using validation metrics within dataset under policy hybrid_validation_then_tuned,0.9858732189693181,correct,la,ent,nf,"la,ent,nf",bug lp:829064 removed the fetchfile ( ) and execute ( ) methods.. all tests are passing . change-id : if32dff06911e9224da2a31fbc53b92db1b7bb0ca,0.0,25.0,1.0,1.0,1.0,,1.0,,1.0,681895.0,,27.0,,test,40b98d32a0ed235cc01fe85b3f6498ad3fdd8d6a,0.0,1.0,106153.0,2.0,False,2.0,23.0,23.0,26.0,21.0,23.0,0.9166666666666666,1.0,,,,,,,,
openstack,lgbm,,,,,,,,,,,,,,,,,,,,,,0,1da15a50515255675c2d280edff9774a4059b628,openstack,0.014193137715281946,0,0.466785568870866,True,tn,metrics_plus_commit_text,metrics_plus_commit_text,commit_text,True,paper-v1,error_analysis,openstack::lgbm::training,openstack::lgbm,,C:\Users\Dam Hieu\Desktop\CNDM - VIẾT BÁO + KLTN\prototype\results\tables\hybrid_tfidf_results.csv,C:\Users\Dam Hieu\Desktop\CNDM - VIẾT BÁO + KLTN\prototype\models\hybrid_tfidf\lgbm_openstack.joblib,jitline_native_split,,"{'feature_family': 'metrics_plus_commit_text', 'num_features': 1022}",1022,hybrid_tfidf,1,Selected by recall then f1 using validation metrics within dataset under policy hybrid_validation_then_tuned,0.985806862284718,correct,la,ent,nf,"la,ent,nf",remove unnecessary setting of xenapi module attribute this was moved to be class/instance attributes in a previous change and the module attribute no longer needs to be set . change-id : i413ba69444fdd2d246b060ef6280a547a3b46f76,5.0,15.0,1.0,1.0,1.0,,30.0,,80.0,60267.0,,719.0,,test,1da15a50515255675c2d280edff9774a4059b628,0.0,1.0,1938.0,3.0,False,3.0,533.0,533.0,719.0,508.0,662.0,0.3193224592220828,0.4159347553324968,,,,,,,,
openstack,lgbm,,,,,,,,,,,,,,,,,,,,,,0,470ccb85f2ecaff38973854e209f0fabdb117dc0,openstack,0.014469656664798816,0,0.466785568870866,True,tn,metrics_plus_commit_text,metrics_plus_commit_text,commit_text,True,paper-v1,error_analysis,openstack::lgbm::training,openstack::lgbm,,C:\Users\Dam Hieu\Desktop\CNDM - VIẾT BÁO + KLTN\prototype\results\tables\hybrid_tfidf_results.csv,C:\Users\Dam Hieu\Desktop\CNDM - VIẾT BÁO + KLTN\prototype\models\hybrid_tfidf\lgbm_openstack.joblib,jitline_native_split,,"{'feature_family': 'metrics_plus_commit_text', 'num_features': 1022}",1022,hybrid_tfidf,1,Selected by recall then f1 using validation metrics within dataset under policy hybrid_validation_then_tuned,0.9855303433352012,correct,la,ent,nf,"la,ent,nf",fixes a bug in xenapi tests where a string should be int change-id : i202fa5b20c78c02d1072bdae774d9f19e4044fe6,1.0,1.0,1.0,1.0,1.0,,1.0,,1.0,515060.0,,1337.0,,test,470ccb85f2ecaff38973854e209f0fabdb117dc0,0.0,1.0,2185.0,6.0,False,5.0,96.0,96.0,1337.0,91.0,1112.0,0.054054054054054,0.6539365452408931,,,,,,,,
openstack,lgbm,,,,,,,,,,,,,,,,,,,,,,0,145759f6ed2fb7ceefa640a1a7215099746d41ba,openstack,0.015218531291272609,0,0.466785568870866,True,tn,metrics_plus_commit_text,metrics_plus_commit_text,commit_text,True,paper-v1,error_analysis,openstack::lgbm::training,openstack::lgbm,,C:\Users\Dam Hieu\Desktop\CNDM - VIẾT BÁO + KLTN\prototype\results\tables\hybrid_tfidf_results.csv,C:\Users\Dam Hieu\Desktop\CNDM - VIẾT BÁO + KLTN\prototype\models\hybrid_tfidf\lgbm_openstack.joblib,jitline_native_split,,"{'feature_family': 'metrics_plus_commit_text', 'num_features': 1022}",1022,hybrid_tfidf,1,Selected by recall then f1 using validation metrics within dataset under policy hybrid_validation_then_tuned,0.9847814687087274,correct,la,ent,nf,"la,ent,nf","[ xenapi ] cooperatively yield during sparse copy on a resize down the sparse copy blocks other operations from running on the compute node , and can take a long time to finish . this patch adds a greenthread yield to not block other things from happening on the compute node . change-id : i1287a6a0bb3157ad0e5eafe53b02db21849650fa",1.0,0.0,1.0,1.0,1.0,,44.0,,171.0,232363.0,,1823.0,,test,145759f6ed2fb7ceefa640a1a7215099746d41ba,0.0,1.0,7341.0,2.0,False,2.0,100.0,100.0,1594.0,97.0,1608.0,0.0253754531330916,0.4166235111341274,,,,,,,,
openstack,lgbm,,,,,,,,,,,,,,,,,,,,,,1,8eb7ca51c0bfda334eda8a25d599aa1d9cd21c22,openstack,0.046156855498343655,0,0.466785568870866,False,fn,metrics_plus_commit_text,metrics_plus_commit_text,commit_text,True,paper-v1,error_analysis,openstack::lgbm::training,openstack::lgbm,,C:\Users\Dam Hieu\Desktop\CNDM - VIẾT BÁO + KLTN\prototype\results\tables\hybrid_tfidf_results.csv,C:\Users\Dam Hieu\Desktop\CNDM - VIẾT BÁO + KLTN\prototype\models\hybrid_tfidf\lgbm_openstack.joblib,jitline_native_split,,"{'feature_family': 'metrics_plus_commit_text', 'num_features': 1022}",1022,hybrid_tfidf,1,Selected by recall then f1 using validation metrics within dataset under policy hybrid_validation_then_tuned,0.9538431445016563,incorrect,la,ent,nf,"la,ent,nf",treat invalid namespace call fixes bug 1060559 change-id : i29250100416b87f55781fb7e97339f6d3761513f,1.0,0.0,1.0,1.0,1.0,,8.0,,17.0,876880.0,,277.0,,test,8eb7ca51c0bfda334eda8a25d599aa1d9cd21c22,0.0,1.0,-21679992.0,2.0,False,3.0,239.0,239.0,275.0,229.0,230.0,0.625,0.6277173913043478,,,,,,,,
openstack,lgbm,,,,,,,,,,,,,,,,,,,,,,1,a67bce77e12b5af7fd5fae7946c96d483ecede92,openstack,0.06452283464576081,0,0.466785568870866,False,fn,metrics_plus_commit_text,metrics_plus_commit_text,commit_text,True,paper-v1,error_analysis,openstack::lgbm::training,openstack::lgbm,,C:\Users\Dam Hieu\Desktop\CNDM - VIẾT BÁO + KLTN\prototype\results\tables\hybrid_tfidf_results.csv,C:\Users\Dam Hieu\Desktop\CNDM - VIẾT BÁO + KLTN\prototype\models\hybrid_tfidf\lgbm_openstack.joblib,jitline_native_split,,"{'feature_family': 'metrics_plus_commit_text', 'num_features': 1022}",1022,hybrid_tfidf,1,Selected by recall then f1 using validation metrics within dataset under policy hybrid_validation_then_tuned,0.9354771653542392,incorrect,la,ent,nf,"la,ent,nf",switch agent report_interval option to float being able to set report_interval > 0 and < 1 makes it easier to consistently reproduce rpc race conditions . change-id : i4d907159147177e98b043e7e800aea5cf8c23103 related-bug : # 1224001,1.0,1.0,1.0,1.0,1.0,,2.0,,2.0,4240456.0,,811.0,,test,a67bce77e12b5af7fd5fae7946c96d483ecede92,0.0,1.0,159084.0,9.0,False,5.0,96.0,64.0,735.0,11.0,191.0,0.0294840294840294,0.4717444717444717,,,,,,,,
openstack,lgbm,,,,,,,,,,,,,,,,,,,,,,0,d4c3047ba4d46b3b6fe56940832e6e1142c2e441,openstack,0.9354264968690172,1,0.466785568870866,False,fp,metrics_plus_commit_text,metrics_plus_commit_text,commit_text,True,paper-v1,error_analysis,openstack::lgbm::training,openstack::lgbm,,C:\Users\Dam Hieu\Desktop\CNDM - VIẾT BÁO + KLTN\prototype\results\tables\hybrid_tfidf_results.csv,C:\Users\Dam Hieu\Desktop\CNDM - VIẾT BÁO + KLTN\prototype\models\hybrid_tfidf\lgbm_openstack.joblib,jitline_native_split,,"{'feature_family': 'metrics_plus_commit_text', 'num_features': 1022}",1022,hybrid_tfidf,1,Selected by recall then f1 using validation metrics within dataset under policy hybrid_validation_then_tuned,0.9354264968690172,incorrect,la,ent,nf,"la,ent,nf","embrane neutron plugin implements blueprint embrane-neutron-plugin this commit implements the main embrane plugin , which covers route and extratoute extensions . the plugin will rely on existing plugins for leveraging l2 networks , for now it only supports openvswitch and vlan networks , but more supports are to come if the model is approved ( or a different one is suggested ) . change-id : i90aff8ec4324bd3a7c59c411374db6a118d1a72b",849.0,0.0,28.0,1.0,9.0,,1.0,,1.0,339578.6071428572,,777.0,,test,d4c3047ba4d46b3b6fe56940832e6e1142c2e441,0.6801461625198627,20.0,3780834.0,25.0,False,2.0,0.0,0.0,736.0,0.0,86.0,0.0099009900990099,0.8613861386138614,,,,,,,,
openstack,lgbm,,,,,,,,,,,,,,,,,,,,,,0,bf882fbc4aa68cf0191bce70e622d81969617c02,openstack,0.9242367760914056,1,0.466785568870866,False,fp,metrics_plus_commit_text,metrics_plus_commit_text,commit_text,True,paper-v1,error_analysis,openstack::lgbm::training,openstack::lgbm,,C:\Users\Dam Hieu\Desktop\CNDM - VIẾT BÁO + KLTN\prototype\results\tables\hybrid_tfidf_results.csv,C:\Users\Dam Hieu\Desktop\CNDM - VIẾT BÁO + KLTN\prototype\models\hybrid_tfidf\lgbm_openstack.joblib,jitline_native_split,,"{'feature_family': 'metrics_plus_commit_text', 'num_features': 1022}",1022,hybrid_tfidf,1,Selected by recall then f1 using validation metrics within dataset under policy hybrid_validation_then_tuned,0.9242367760914056,incorrect,la,ent,nf,"la,ent,nf",vmware : create datastore utility functions the patch moves datastore interfaces from vmops and vm_util to a separate file - ds_util . this is part of the blueprint vmware-image-cache-management . in the past the datastore methods would poll the task to determine that it had completed . this has beem addressed by making the driver _poll_task return the task information . the patch set also solves the following bugs by checking if the filealreadyexistsexception exception is raised . this could be due to another process or thread creating the file . closes-bug : 1230047 closes-bug : 1254128 change-id : i788e33dbcb3dedc41831b976137607274b1c02ca,362.0,172.0,8.0,1.0,2.0,,67.0,,185.0,718732.875,,1418.0,,test,bf882fbc4aa68cf0191bce70e622d81969617c02,0.7534241766599217,50.0,6216709.0,88.0,False,5.0,1583.0,1380.0,1316.0,728.0,1393.0,0.1051948051948051,0.2011544011544011,,,,,,,,
openstack,lgbm,,,,,,,,,,,,,,,,,,,,,,0,f572a5eb93bff8b57b8a8a4aa92df86750c0843a,openstack,0.9157692434384372,1,0.466785568870866,False,fp,metrics_plus_commit_text,metrics_plus_commit_text,commit_text,True,paper-v1,error_analysis,openstack::lgbm::training,openstack::lgbm,,C:\Users\Dam Hieu\Desktop\CNDM - VIẾT BÁO + KLTN\prototype\results\tables\hybrid_tfidf_results.csv,C:\Users\Dam Hieu\Desktop\CNDM - VIẾT BÁO + KLTN\prototype\models\hybrid_tfidf\lgbm_openstack.joblib,jitline_native_split,,"{'feature_family': 'metrics_plus_commit_text', 'num_features': 1022}",1022,hybrid_tfidf,1,Selected by recall then f1 using validation metrics within dataset under policy hybrid_validation_then_tuned,0.9157692434384372,incorrect,la,ent,nf,"la,ent,nf","initial modular l2 plugin implementation . the modular l2 plugin uses drivers to support separately extensible sets of network types and of mechanisms for accessing networks of those types . this is an initial implementation that has been tested with the openvswitch and linuxbridge agents , and should also work with the hyperv agent . see quantum/plugins/ml2/readme for details . implements : blueprint modular-l2 change-id : ia8cae480180f0990af7d5e5e56f29eaeac205e0e",1241.0,0.0,21.0,1.0,5.0,,2.0,,6.0,127428.80952380953,,329.0,,test,f572a5eb93bff8b57b8a8a4aa92df86750c0843a,0.7920657143173802,9.0,-3204451.0,30.0,False,3.0,123.0,123.0,328.0,110.0,298.0,0.3008130081300813,0.8102981029810298,,,,,,,,
pc1,rf,152.0,21.0,4.0,5.0,,,,,,,,,150.0,62.0,39.0,2.0,26.0,73.0,243.0,187.0,41.0,1,row_15,pc1,0.8134109422215359,1,0.6894148190714491,True,tp,metrics_only,metrics_only,,False,paper-v1,error_analysis,pc1::rf::tuned_best_table,pc1::rf,2026-06-27T05:31:34,C:\Users\Dam Hieu\Desktop\CNDM - VIẾT BÁO + KLTN\prototype\results\tables\results_table.csv,C:\Users\Dam Hieu\Desktop\CNDM - VIẾT BÁO + KLTN\prototype\models\metrics_tuned\pc1\rf_candidate2.joblib,saved_split,C:\Users\Dam Hieu\Desktop\CNDM - VIẾT BÁO + KLTN\prototype\data\splits\pc1\manifest.json,"{'feature_family': 'metrics_only', 'num_features': 5}",5,tuned,1,Selected by recall then f1 using validation_threshold metrics within dataset under policy hybrid_validation_then_tuned,0.8134109422215359,tp,loc,branchCount,v_g,"loc,branchCount,v_g",,,,,,,,,,,,,,,,,,,,,,,,,,,,,,430.0,2850.62,0.03,33.3,85.6,94929.66,0.95,5273.87
pc1,rf,8.0,1.0,1.0,1.0,,,,,,,,,8.0,4.0,6.0,0.0,11.0,18.0,26.0,23.0,1.0,1,row_32,pc1,0.14326351482570035,0,0.6894148190714491,False,fn,metrics_only,metrics_only,,False,paper-v1,error_analysis,pc1::rf::tuned_best_table,pc1::rf,2026-06-27T05:31:34,C:\Users\Dam Hieu\Desktop\CNDM - VIẾT BÁO + KLTN\prototype\results\tables\results_table.csv,C:\Users\Dam Hieu\Desktop\CNDM - VIẾT BÁO + KLTN\prototype\models\metrics_tuned\pc1\rf_candidate2.joblib,saved_split,C:\Users\Dam Hieu\Desktop\CNDM - VIẾT BÁO + KLTN\prototype\data\splits\pc1\manifest.json,"{'feature_family': 'metrics_only', 'num_features': 5}",5,tuned,1,Selected by recall then f1 using validation_threshold metrics within dataset under policy hybrid_validation_then_tuned,0.8567364851742997,fn,loc,branchCount,v_g,"loc,branchCount,v_g",,,,,,,,,,,,,,,,,,,,,,,,,,,,,,49.0,238.04,0.14,7.03,33.87,1672.9,0.08,92.94
pc1,rf,14.0,3.0,1.0,1.0,,,,,,,,,13.0,3.0,2.0,1.0,15.0,12.0,26.0,20.0,5.0,1,row_40,pc1,0.32082440811064467,0,0.6894148190714491,False,fn,metrics_only,metrics_only,,False,paper-v1,error_analysis,pc1::rf::tuned_best_table,pc1::rf,2026-06-27T05:31:34,C:\Users\Dam Hieu\Desktop\CNDM - VIẾT BÁO + KLTN\prototype\results\tables\results_table.csv,C:\Users\Dam Hieu\Desktop\CNDM - VIẾT BÁO + KLTN\prototype\models\metrics_tuned\pc1\rf_candidate2.joblib,saved_split,C:\Users\Dam Hieu\Desktop\CNDM - VIẾT BÁO + KLTN\prototype\data\splits\pc1\manifest.json,"{'feature_family': 'metrics_only', 'num_features': 5}",5,tuned,1,Selected by recall then f1 using validation_threshold metrics within dataset under policy hybrid_validation_then_tuned,0.6791755918893554,fn,loc,branchCount,v_g,"loc,branchCount,v_g",,,,,,,,,,,,,,,,,,,,,,,,,,,,,,46.0,218.72,0.08,12.5,17.5,2734.06,0.07,151.89
pc1,rf,14.0,3.0,1.0,3.0,,,,,,,,,14.0,0.0,7.0,0.0,10.0,14.0,29.0,18.0,5.0,1,row_26,pc1,0.3334964439179137,0,0.6894148190714491,False,fn,metrics_only,metrics_only,,False,paper-v1,error_analysis,pc1::rf::tuned_best_table,pc1::rf,2026-06-27T05:31:34,C:\Users\Dam Hieu\Desktop\CNDM - VIẾT BÁO + KLTN\prototype\results\tables\results_table.csv,C:\Users\Dam Hieu\Desktop\CNDM - VIẾT BÁO + KLTN\prototype\models\metrics_tuned\pc1\rf_candidate2.joblib,saved_split,C:\Users\Dam Hieu\Desktop\CNDM - VIẾT BÁO + KLTN\prototype\data\splits\pc1\manifest.json,"{'feature_family': 'metrics_only', 'num_features': 5}",5,tuned,1,Selected by recall then f1 using validation_threshold metrics within dataset under policy hybrid_validation_then_tuned,0.6665035560820862,fn,loc,branchCount,v_g,"loc,branchCount,v_g",,,,,,,,,,,,,,,,,,,,,,,,,,,,,,47.0,215.49,0.16,6.43,33.52,1385.31,0.07,76.96
pc1,rf,19.0,2.0,1.0,2.0,,,,,,,,,18.0,25.0,9.0,1.0,15.0,16.0,44.0,27.0,3.0,1,row_14,pc1,0.335407680590467,0,0.6894148190714491,False,fn,metrics_only,metrics_only,,False,paper-v1,error_analysis,pc1::rf::tuned_best_table,pc1::rf,2026-06-27T05:31:34,C:\Users\Dam Hieu\Desktop\CNDM - VIẾT BÁO + KLTN\prototype\results\tables\results_table.csv,C:\Users\Dam Hieu\Desktop\CNDM - VIẾT BÁO + KLTN\prototype\models\metrics_tuned\pc1\rf_candidate2.joblib,saved_split,C:\Users\Dam Hieu\Desktop\CNDM - VIẾT BÁO + KLTN\prototype\data\splits\pc1\manifest.json,"{'feature_family': 'metrics_only', 'num_features': 5}",5,tuned,1,Selected by recall then f1 using validation_threshold metrics within dataset under policy hybrid_validation_then_tuned,0.664592319409533,fn,loc,branchCount,v_g,"loc,branchCount,v_g",,,,,,,,,,,,,,,,,,,,,,,,,,,,,,71.0,351.75,0.08,12.66,27.79,4451.81,0.12,247.32
pc1,rf,60.0,12.0,4.0,7.0,,,,,,,,,58.0,0.0,13.0,2.0,25.0,35.0,109.0,74.0,16.0,1,row_39,pc1,0.3525298298412503,0,0.6894148190714491,False,fn,metrics_only,metrics_only,,False,paper-v1,error_analysis,pc1::rf::tuned_best_table,pc1::rf,2026-06-27T05:31:34,C:\Users\Dam Hieu\Desktop\CNDM - VIẾT BÁO + KLTN\prototype\results\tables\results_table.csv,C:\Users\Dam Hieu\Desktop\CNDM - VIẾT BÁO + KLTN\prototype\models\metrics_tuned\pc1\rf_candidate2.joblib,saved_split,C:\Users\Dam Hieu\Desktop\CNDM - VIẾT BÁO + KLTN\prototype\data\splits\pc1\manifest.json,"{'feature_family': 'metrics_only', 'num_features': 5}",5,tuned,1,Selected by recall then f1 using validation_threshold metrics within dataset under policy hybrid_validation_then_tuned,0.6474701701587497,fn,loc,branchCount,v_g,"loc,branchCount,v_g",,,,,,,,,,,,,,,,,,,,,,,,,,,,,,183.0,1080.96,0.04,26.43,40.9,28568.25,0.36,1587.13
pc1,rf,108.0,22.0,5.0,17.0,,,,,,,,,107.0,35.0,43.0,1.0,31.0,91.0,270.0,194.0,39.0,0,row_81,pc1,0.8285658726623492,1,0.6894148190714491,False,fp,metrics_only,metrics_only,,False,paper-v1,error_analysis,pc1::rf::tuned_best_table,pc1::rf,2026-06-27T05:31:34,C:\Users\Dam Hieu\Desktop\CNDM - VIẾT BÁO + KLTN\prototype\results\tables\results_table.csv,C:\Users\Dam Hieu\Desktop\CNDM - VIẾT BÁO + KLTN\prototype\models\metrics_tuned\pc1\rf_candidate2.joblib,saved_split,C:\Users\Dam Hieu\Desktop\CNDM - VIẾT BÁO + KLTN\prototype\data\splits\pc1\manifest.json,"{'feature_family': 'metrics_only', 'num_features': 5}",5,tuned,1,Selected by recall then f1 using validation_threshold metrics within dataset under policy hybrid_validation_then_tuned,0.8285658726623492,fp,loc,branchCount,v_g,"loc,branchCount,v_g",,,,,,,,,,,,,,,,,,,,,,,,,,,,,,464.0,3215.86,0.03,33.04,97.32,106264.81,1.07,5903.6
pc1,rf,22.0,5.0,5.0,4.0,,,,,,,,,22.0,0.0,12.0,0.0,17.0,25.0,59.0,41.0,9.0,0,row_623,pc1,0.7494552732596632,1,0.6894148190714491,False,fp,metrics_only,metrics_only,,False,paper-v1,error_analysis,pc1::rf::tuned_best_table,pc1::rf,2026-06-27T05:31:34,C:\Users\Dam Hieu\Desktop\CNDM - VIẾT BÁO + KLTN\prototype\results\tables\results_table.csv,C:\Users\Dam Hieu\Desktop\CNDM - VIẾT BÁO + KLTN\prototype\models\metrics_tuned\pc1\rf_candidate2.joblib,saved_split,C:\Users\Dam Hieu\Desktop\CNDM - VIẾT BÁO + KLTN\prototype\data\splits\pc1\manifest.json,"{'feature_family': 'metrics_only', 'num_features': 5}",5,tuned,1,Selected by recall then f1 using validation_threshold metrics within dataset under policy hybrid_validation_then_tuned,0.7494552732596632,fp,loc,branchCount,v_g,"loc,branchCount,v_g",,,,,,,,,,,,,,,,,,,,,,,,,,,,,,100.0,539.23,0.07,13.94,38.68,7516.89,0.18,417.61
pc1,rf,130.0,31.0,23.0,13.0,,,,,,,,,126.0,60.0,32.0,4.0,27.0,80.0,307.0,253.0,61.0,0,row_495,pc1,0.7028216677167635,1,0.6894148190714491,False,fp,metrics_only,metrics_only,,False,paper-v1,error_analysis,pc1::rf::tuned_best_table,pc1::rf,2026-06-27T05:31:34,C:\Users\Dam Hieu\Desktop\CNDM - VIẾT BÁO + KLTN\prototype\results\tables\results_table.csv,C:\Users\Dam Hieu\Desktop\CNDM - VIẾT BÁO + KLTN\prototype\models\metrics_tuned\pc1\rf_candidate2.joblib,saved_split,C:\Users\Dam Hieu\Desktop\CNDM - VIẾT BÁO + KLTN\prototype\data\splits\pc1\manifest.json,"{'feature_family': 'metrics_only', 'num_features': 5}",5,tuned,1,Selected by recall then f1 using validation_threshold metrics within dataset under policy hybrid_validation_then_tuned,0.7028216677167635,fp,loc,branchCount,v_g,"loc,branchCount,v_g",,,,,,,,,,,,,,,,,,,,,,,,,,,,,,560.0,3775.22,0.02,42.69,88.43,161178.36,1.26,8954.35
pc1,rf,27.0,5.0,1.0,3.0,,,,,,,,,27.0,3.0,12.0,0.0,14.0,21.0,75.0,67.0,9.0,0,row_492,pc1,0.6899320821969905,1,0.6894148190714491,False,fp,metrics_only,metrics_only,,False,paper-v1,error_analysis,pc1::rf::tuned_best_table,pc1::rf,2026-06-27T05:31:34,C:\Users\Dam Hieu\Desktop\CNDM - VIẾT BÁO + KLTN\prototype\results\tables\results_table.csv,C:\Users\Dam Hieu\Desktop\CNDM - VIẾT BÁO + KLTN\prototype\models\metrics_tuned\pc1\rf_candidate2.joblib,saved_split,C:\Users\Dam Hieu\Desktop\CNDM - VIẾT BÁO + KLTN\prototype\data\splits\pc1\manifest.json,"{'feature_family': 'metrics_only', 'num_features': 5}",5,tuned,1,Selected by recall then f1 using validation_threshold metrics within dataset under policy hybrid_validation_then_tuned,0.6899320821969905,fp,loc,branchCount,v_g,"loc,branchCount,v_g",,,,,,,,,,,,,,,,,,,,,,,,,,,,,,142.0,728.36,0.04,22.33,32.61,16266.67,0.24,903.7
pc1,rf,11.0,8.0,7.0,2.0,,,,,,,,,11.0,0.0,1.0,0.0,15.0,10.0,42.0,28.0,15.0,0,row_865,pc1,0.020086815789427403,0,0.6894148190714491,True,tn,metrics_only,metrics_only,,False,paper-v1,error_analysis,pc1::rf::tuned_best_table,pc1::rf,2026-06-27T05:31:34,C:\Users\Dam Hieu\Desktop\CNDM - VIẾT BÁO + KLTN\prototype\results\tables\results_table.csv,C:\Users\Dam Hieu\Desktop\CNDM - VIẾT BÁO + KLTN\prototype\models\metrics_tuned\pc1\rf_candidate2.joblib,saved_split,C:\Users\Dam Hieu\Desktop\CNDM - VIẾT BÁO + KLTN\prototype\data\splits\pc1\manifest.json,"{'feature_family': 'metrics_only', 'num_features': 5}",5,tuned,1,Selected by recall then f1 using validation_threshold metrics within dataset under policy hybrid_validation_then_tuned,0.9799131842105726,tn,loc,branchCount,v_g,"loc,branchCount,v_g",,,,,,,,,,,,,,,,,,,,,,,,,,,,,,70.0,325.07,0.05,21.0,15.48,6826.47,0.11,379.25
pc1,rf,13.0,7.0,4.0,7.0,,,,,,,,,13.0,0.0,2.0,0.0,19.0,12.0,53.0,38.0,13.0,0,row_263,pc1,0.05013317815951023,0,0.6894148190714491,True,tn,metrics_only,metrics_only,,False,paper-v1,error_analysis,pc1::rf::tuned_best_table,pc1::rf,2026-06-27T05:31:34,C:\Users\Dam Hieu\Desktop\CNDM - VIẾT BÁO + KLTN\prototype\results\tables\results_table.csv,C:\Users\Dam Hieu\Desktop\CNDM - VIẾT BÁO + KLTN\prototype\models\metrics_tuned\pc1\rf_candidate2.joblib,saved_split,C:\Users\Dam Hieu\Desktop\CNDM - VIẾT BÁO + KLTN\prototype\data\splits\pc1\manifest.json,"{'feature_family': 'metrics_only', 'num_features': 5}",5,tuned,1,Selected by recall then f1 using validation_threshold metrics within dataset under policy hybrid_validation_then_tuned,0.9498668218404898,tn,loc,branchCount,v_g,"loc,branchCount,v_g",,,,,,,,,,,,,,,,,,,,,,,,,,,,,,91.0,450.83,0.03,30.08,14.99,13562.53,0.15,753.47
pc1,rf,7.0,3.0,3.0,2.0,,,,,,,,,7.0,0.0,1.0,0.0,10.0,4.0,15.0,7.0,5.0,0,row_916,pc1,0.05355459296756807,0,0.6894148190714491,True,tn,metrics_only,metrics_only,,False,paper-v1,error_analysis,pc1::rf::tuned_best_table,pc1::rf,2026-06-27T05:31:34,C:\Users\Dam Hieu\Desktop\CNDM - VIẾT BÁO + KLTN\prototype\results\tables\results_table.csv,C:\Users\Dam Hieu\Desktop\CNDM - VIẾT BÁO + KLTN\prototype\models\metrics_tuned\pc1\rf_candidate2.joblib,saved_split,C:\Users\Dam Hieu\Desktop\CNDM - VIẾT BÁO + KLTN\prototype\data\splits\pc1\manifest.json,"{'feature_family': 'metrics_only', 'num_features': 5}",5,tuned,1,Selected by recall then f1 using validation_threshold metrics within dataset under policy hybrid_validation_then_tuned,0.946445407032432,tn,loc,branchCount,v_g,"loc,branchCount,v_g",,,,,,,,,,,,,,,,,,,,,,,,,,,,,,22.0,83.76,0.11,8.75,9.57,732.92,0.03,40.72
pc1,rf,8.0,3.0,3.0,2.0,,,,,,,,,8.0,0.0,1.0,0.0,13.0,7.0,17.0,11.0,5.0,0,row_1076,pc1,0.05355459296756807,0,0.6894148190714491,True,tn,metrics_only,metrics_only,,False,paper-v1,error_analysis,pc1::rf::tuned_best_table,pc1::rf,2026-06-27T05:31:34,C:\Users\Dam Hieu\Desktop\CNDM - VIẾT BÁO + KLTN\prototype\results\tables\results_table.csv,C:\Users\Dam Hieu\Desktop\CNDM - VIẾT BÁO + KLTN\prototype\models\metrics_tuned\pc1\rf_candidate2.joblib,saved_split,C:\Users\Dam Hieu\Desktop\CNDM - VIẾT BÁO + KLTN\prototype\data\splits\pc1\manifest.json,"{'feature_family': 'metrics_only', 'num_features': 5}",5,tuned,1,Selected by recall then f1 using validation_threshold metrics within dataset under policy hybrid_validation_then_tuned,0.946445407032432,tn,loc,branchCount,v_g,"loc,branchCount,v_g",,,,,,,,,,,,,,,,,,,,,,,,,,,,,,28.0,121.01,0.1,10.21,11.85,1236.07,0.04,68.67
pc1,rf,12.0,6.0,6.0,2.0,,,,,,,,,12.0,0.0,1.0,0.0,20.0,10.0,36.0,25.0,11.0,0,row_908,pc1,0.059597827445106714,0,0.6894148190714491,True,tn,metrics_only,metrics_only,,False,paper-v1,error_analysis,pc1::rf::tuned_best_table,pc1::rf,2026-06-27T05:31:34,C:\Users\Dam Hieu\Desktop\CNDM - VIẾT BÁO + KLTN\prototype\results\tables\results_table.csv,C:\Users\Dam Hieu\Desktop\CNDM - VIẾT BÁO + KLTN\prototype\models\metrics_tuned\pc1\rf_candidate2.joblib,saved_split,C:\Users\Dam Hieu\Desktop\CNDM - VIẾT BÁO + KLTN\prototype\data\splits\pc1\manifest.json,"{'feature_family': 'metrics_only', 'num_features': 5}",5,tuned,1,Selected by recall then f1 using validation_threshold metrics within dataset under policy hybrid_validation_then_tuned,0.9404021725548933,tn,loc,branchCount,v_g,"loc,branchCount,v_g",,,,,,,,,,,,,,,,,,,,,,,,,,,,,,61.0,299.32,0.04,25.0,11.97,7483.01,0.1,415.72
pc1,rf,11.0,8.0,7.0,2.0,,,,,,,,,11.0,0.0,1.0,0.0,15.0,10.0,42.0,28.0,15.0,0,row_865,pc1,0.020086815789427403,0,0.6894148190714491,True,tn,metrics_only,metrics_only,,False,paper-v1,error_analysis,pc1::rf::tuned_best_table,pc1::rf,2026-06-27T05:31:34,C:\Users\Dam Hieu\Desktop\CNDM - VIẾT BÁO + KLTN\prototype\results\tables\results_table.csv,C:\Users\Dam Hieu\Desktop\CNDM - VIẾT BÁO + KLTN\prototype\models\metrics_tuned\pc1\rf_candidate2.joblib,saved_split,C:\Users\Dam Hieu\Desktop\CNDM - VIẾT BÁO + KLTN\prototype\data\splits\pc1\manifest.json,"{'feature_family': 'metrics_only', 'num_features': 5}",5,tuned,1,Selected by recall then f1 using validation_threshold metrics within dataset under policy hybrid_validation_then_tuned,0.9799131842105726,correct,loc,branchCount,v_g,"loc,branchCount,v_g",,,,,,,,,,,,,,,,,,,,,,,,,,,,,,70.0,325.07,0.05,21.0,15.48,6826.47,0.11,379.25
pc1,rf,13.0,7.0,4.0,7.0,,,,,,,,,13.0,0.0,2.0,0.0,19.0,12.0,53.0,38.0,13.0,0,row_263,pc1,0.05013317815951023,0,0.6894148190714491,True,tn,metrics_only,metrics_only,,False,paper-v1,error_analysis,pc1::rf::tuned_best_table,pc1::rf,2026-06-27T05:31:34,C:\Users\Dam Hieu\Desktop\CNDM - VIẾT BÁO + KLTN\prototype\results\tables\results_table.csv,C:\Users\Dam Hieu\Desktop\CNDM - VIẾT BÁO + KLTN\prototype\models\metrics_tuned\pc1\rf_candidate2.joblib,saved_split,C:\Users\Dam Hieu\Desktop\CNDM - VIẾT BÁO + KLTN\prototype\data\splits\pc1\manifest.json,"{'feature_family': 'metrics_only', 'num_features': 5}",5,tuned,1,Selected by recall then f1 using validation_threshold metrics within dataset under policy hybrid_validation_then_tuned,0.9498668218404898,correct,loc,branchCount,v_g,"loc,branchCount,v_g",,,,,,,,,,,,,,,,,,,,,,,,,,,,,,91.0,450.83,0.03,30.08,14.99,13562.53,0.15,753.47
pc1,rf,7.0,3.0,3.0,2.0,,,,,,,,,7.0,0.0,1.0,0.0,10.0,4.0,15.0,7.0,5.0,0,row_916,pc1,0.05355459296756807,0,0.6894148190714491,True,tn,metrics_only,metrics_only,,False,paper-v1,error_analysis,pc1::rf::tuned_best_table,pc1::rf,2026-06-27T05:31:34,C:\Users\Dam Hieu\Desktop\CNDM - VIẾT BÁO + KLTN\prototype\results\tables\results_table.csv,C:\Users\Dam Hieu\Desktop\CNDM - VIẾT BÁO + KLTN\prototype\models\metrics_tuned\pc1\rf_candidate2.joblib,saved_split,C:\Users\Dam Hieu\Desktop\CNDM - VIẾT BÁO + KLTN\prototype\data\splits\pc1\manifest.json,"{'feature_family': 'metrics_only', 'num_features': 5}",5,tuned,1,Selected by recall then f1 using validation_threshold metrics within dataset under policy hybrid_validation_then_tuned,0.946445407032432,correct,loc,branchCount,v_g,"loc,branchCount,v_g",,,,,,,,,,,,,,,,,,,,,,,,,,,,,,22.0,83.76,0.11,8.75,9.57,732.92,0.03,40.72
pc1,rf,8.0,3.0,3.0,2.0,,,,,,,,,8.0,0.0,1.0,0.0,13.0,7.0,17.0,11.0,5.0,0,row_1076,pc1,0.05355459296756807,0,0.6894148190714491,True,tn,metrics_only,metrics_only,,False,paper-v1,error_analysis,pc1::rf::tuned_best_table,pc1::rf,2026-06-27T05:31:34,C:\Users\Dam Hieu\Desktop\CNDM - VIẾT BÁO + KLTN\prototype\results\tables\results_table.csv,C:\Users\Dam Hieu\Desktop\CNDM - VIẾT BÁO + KLTN\prototype\models\metrics_tuned\pc1\rf_candidate2.joblib,saved_split,C:\Users\Dam Hieu\Desktop\CNDM - VIẾT BÁO + KLTN\prototype\data\splits\pc1\manifest.json,"{'feature_family': 'metrics_only', 'num_features': 5}",5,tuned,1,Selected by recall then f1 using validation_threshold metrics within dataset under policy hybrid_validation_then_tuned,0.946445407032432,correct,loc,branchCount,v_g,"loc,branchCount,v_g",,,,,,,,,,,,,,,,,,,,,,,,,,,,,,28.0,121.01,0.1,10.21,11.85,1236.07,0.04,68.67
pc1,rf,12.0,6.0,6.0,2.0,,,,,,,,,12.0,0.0,1.0,0.0,20.0,10.0,36.0,25.0,11.0,0,row_908,pc1,0.059597827445106714,0,0.6894148190714491,True,tn,metrics_only,metrics_only,,False,paper-v1,error_analysis,pc1::rf::tuned_best_table,pc1::rf,2026-06-27T05:31:34,C:\Users\Dam Hieu\Desktop\CNDM - VIẾT BÁO + KLTN\prototype\results\tables\results_table.csv,C:\Users\Dam Hieu\Desktop\CNDM - VIẾT BÁO + KLTN\prototype\models\metrics_tuned\pc1\rf_candidate2.joblib,saved_split,C:\Users\Dam Hieu\Desktop\CNDM - VIẾT BÁO + KLTN\prototype\data\splits\pc1\manifest.json,"{'feature_family': 'metrics_only', 'num_features': 5}",5,tuned,1,Selected by recall then f1 using validation_threshold metrics within dataset under policy hybrid_validation_then_tuned,0.9404021725548933,correct,loc,branchCount,v_g,"loc,branchCount,v_g",,,,,,,,,,,,,,,,,,,,,,,,,,,,,,61.0,299.32,0.04,25.0,11.97,7483.01,0.1,415.72
pc1,rf,8.0,1.0,1.0,1.0,,,,,,,,,8.0,4.0,6.0,0.0,11.0,18.0,26.0,23.0,1.0,1,row_32,pc1,0.14326351482570035,0,0.6894148190714491,False,fn,metrics_only,metrics_only,,False,paper-v1,error_analysis,pc1::rf::tuned_best_table,pc1::rf,2026-06-27T05:31:34,C:\Users\Dam Hieu\Desktop\CNDM - VIẾT BÁO + KLTN\prototype\results\tables\results_table.csv,C:\Users\Dam Hieu\Desktop\CNDM - VIẾT BÁO + KLTN\prototype\models\metrics_tuned\pc1\rf_candidate2.joblib,saved_split,C:\Users\Dam Hieu\Desktop\CNDM - VIẾT BÁO + KLTN\prototype\data\splits\pc1\manifest.json,"{'feature_family': 'metrics_only', 'num_features': 5}",5,tuned,1,Selected by recall then f1 using validation_threshold metrics within dataset under policy hybrid_validation_then_tuned,0.8567364851742997,incorrect,loc,branchCount,v_g,"loc,branchCount,v_g",,,,,,,,,,,,,,,,,,,,,,,,,,,,,,49.0,238.04,0.14,7.03,33.87,1672.9,0.08,92.94
pc1,rf,108.0,22.0,5.0,17.0,,,,,,,,,107.0,35.0,43.0,1.0,31.0,91.0,270.0,194.0,39.0,0,row_81,pc1,0.8285658726623492,1,0.6894148190714491,False,fp,metrics_only,metrics_only,,False,paper-v1,error_analysis,pc1::rf::tuned_best_table,pc1::rf,2026-06-27T05:31:34,C:\Users\Dam Hieu\Desktop\CNDM - VIẾT BÁO + KLTN\prototype\results\tables\results_table.csv,C:\Users\Dam Hieu\Desktop\CNDM - VIẾT BÁO + KLTN\prototype\models\metrics_tuned\pc1\rf_candidate2.joblib,saved_split,C:\Users\Dam Hieu\Desktop\CNDM - VIẾT BÁO + KLTN\prototype\data\splits\pc1\manifest.json,"{'feature_family': 'metrics_only', 'num_features': 5}",5,tuned,1,Selected by recall then f1 using validation_threshold metrics within dataset under policy hybrid_validation_then_tuned,0.8285658726623492,incorrect,loc,branchCount,v_g,"loc,branchCount,v_g",,,,,,,,,,,,,,,,,,,,,,,,,,,,,,464.0,3215.86,0.03,33.04,97.32,106264.81,1.07,5903.6
pc1,rf,22.0,5.0,5.0,4.0,,,,,,,,,22.0,0.0,12.0,0.0,17.0,25.0,59.0,41.0,9.0,0,row_623,pc1,0.7494552732596632,1,0.6894148190714491,False,fp,metrics_only,metrics_only,,False,paper-v1,error_analysis,pc1::rf::tuned_best_table,pc1::rf,2026-06-27T05:31:34,C:\Users\Dam Hieu\Desktop\CNDM - VIẾT BÁO + KLTN\prototype\results\tables\results_table.csv,C:\Users\Dam Hieu\Desktop\CNDM - VIẾT BÁO + KLTN\prototype\models\metrics_tuned\pc1\rf_candidate2.joblib,saved_split,C:\Users\Dam Hieu\Desktop\CNDM - VIẾT BÁO + KLTN\prototype\data\splits\pc1\manifest.json,"{'feature_family': 'metrics_only', 'num_features': 5}",5,tuned,1,Selected by recall then f1 using validation_threshold metrics within dataset under policy hybrid_validation_then_tuned,0.7494552732596632,incorrect,loc,branchCount,v_g,"loc,branchCount,v_g",,,,,,,,,,,,,,,,,,,,,,,,,,,,,,100.0,539.23,0.07,13.94,38.68,7516.89,0.18,417.61
pc1,rf,130.0,31.0,23.0,13.0,,,,,,,,,126.0,60.0,32.0,4.0,27.0,80.0,307.0,253.0,61.0,0,row_495,pc1,0.7028216677167635,1,0.6894148190714491,False,fp,metrics_only,metrics_only,,False,paper-v1,error_analysis,pc1::rf::tuned_best_table,pc1::rf,2026-06-27T05:31:34,C:\Users\Dam Hieu\Desktop\CNDM - VIẾT BÁO + KLTN\prototype\results\tables\results_table.csv,C:\Users\Dam Hieu\Desktop\CNDM - VIẾT BÁO + KLTN\prototype\models\metrics_tuned\pc1\rf_candidate2.joblib,saved_split,C:\Users\Dam Hieu\Desktop\CNDM - VIẾT BÁO + KLTN\prototype\data\splits\pc1\manifest.json,"{'feature_family': 'metrics_only', 'num_features': 5}",5,tuned,1,Selected by recall then f1 using validation_threshold metrics within dataset under policy hybrid_validation_then_tuned,0.7028216677167635,incorrect,loc,branchCount,v_g,"loc,branchCount,v_g",,,,,,,,,,,,,,,,,,,,,,,,,,,,,,560.0,3775.22,0.02,42.69,88.43,161178.36,1.26,8954.35
pc1,rf,27.0,5.0,1.0,3.0,,,,,,,,,27.0,3.0,12.0,0.0,14.0,21.0,75.0,67.0,9.0,0,row_492,pc1,0.6899320821969905,1,0.6894148190714491,False,fp,metrics_only,metrics_only,,False,paper-v1,error_analysis,pc1::rf::tuned_best_table,pc1::rf,2026-06-27T05:31:34,C:\Users\Dam Hieu\Desktop\CNDM - VIẾT BÁO + KLTN\prototype\results\tables\results_table.csv,C:\Users\Dam Hieu\Desktop\CNDM - VIẾT BÁO + KLTN\prototype\models\metrics_tuned\pc1\rf_candidate2.joblib,saved_split,C:\Users\Dam Hieu\Desktop\CNDM - VIẾT BÁO + KLTN\prototype\data\splits\pc1\manifest.json,"{'feature_family': 'metrics_only', 'num_features': 5}",5,tuned,1,Selected by recall then f1 using validation_threshold metrics within dataset under policy hybrid_validation_then_tuned,0.6899320821969905,incorrect,loc,branchCount,v_g,"loc,branchCount,v_g",,,,,,,,,,,,,,,,,,,,,,,,,,,,,,142.0,728.36,0.04,22.33,32.61,16266.67,0.24,903.7
qt,xgb,,,,,,,,,,,,,,,,,,,,,,1,c177691118e4e2bace9b5c1f4f57343190e6ad64,qt,0.9499568343162537,1,0.6115847826004028,True,tp,metrics_plus_commit_text,metrics_plus_commit_text,commit_text,True,paper-v1,error_analysis,qt::xgb::training,qt::xgb,,C:\Users\Dam Hieu\Desktop\CNDM - VIẾT BÁO + KLTN\prototype\results\tables\hybrid_tfidf_results.csv,C:\Users\Dam Hieu\Desktop\CNDM - VIẾT BÁO + KLTN\prototype\models\hybrid_tfidf\xgb_qt.joblib,jitline_native_split,,"{'feature_family': 'metrics_plus_commit_text', 'num_features': 1022}",1022,hybrid_tfidf,1,Selected by recall then f1 using validation metrics within dataset under policy hybrid_validation_then_tuned,0.9499568343162537,tp,la,age,nf,"la,age,nf","add support for more sequence types this commit adds support for more sequence types by adding a sequence wrapper . this class enables conversion between v8 : :array and c++ sequences of various types ( currently just qlist < int > , qlist < qreal > , qlist < bool > , qlist < qstring > , qlist < qurl > and qstringlist ) , but more types can be added later if required ) . when a javascript object is created from such a sequence , its prototype object is set to the v8 : :array prototype object . the indexed setter , indexed getter , length and tostring methods are implemented directly or in terms of the underlying sequence resource . note that currently , sequences of valuetypes are not supported , due to the fact that operations like : someobj.somevaluetypesequence [ i ] .x = 5 ; would not behave as required . task-number : qtbug-20826 task-number : qtbug-21770 change-id : i36deb448fb0e87a32084a900e70a2604ff369309 reviewed-by : chris adams < christopher.adams @ nokia.com >",781.0,6.0,11.0,2.0,3.0,,15.0,,65.0,180227.0909090909,,22.0,,test,c177691118e4e2bace9b5c1f4f57343190e6ad64,0.7364080081139874,38.0,7065107.0,7.0,True,1.0,22.0,22.0,22.0,22.0,22.0,0.0117586912065439,0.0117586912065439,,,,,,,,
qt,xgb,,,,,,,,,,,,,,,,,,,,,,1,1b1831500142c995137f5e4b1bc03d21aa08e1e1,qt,0.9461160898208618,1,0.6115847826004028,True,tp,metrics_plus_commit_text,metrics_plus_commit_text,commit_text,True,paper-v1,error_analysis,qt::xgb::training,qt::xgb,,C:\Users\Dam Hieu\Desktop\CNDM - VIẾT BÁO + KLTN\prototype\results\tables\hybrid_tfidf_results.csv,C:\Users\Dam Hieu\Desktop\CNDM - VIẾT BÁO + KLTN\prototype\models\hybrid_tfidf\xgb_qt.joblib,jitline_native_split,,"{'feature_family': 'metrics_plus_commit_text', 'num_features': 1022}",1022,hybrid_tfidf,1,Selected by recall then f1 using validation metrics within dataset under policy hybrid_validation_then_tuned,0.9461160898208618,tp,la,age,nf,"la,age,nf","improved and made public the qopenglpaintdevice api . the new api is more flexible , allowing the use of qopenglpaintdevice with any qopenglcontext , and putting more responsibility on the user for ensuring the correct fbo is current ( the user knows best anyhow ) . task-number : qtbug-21263 change-id : i50b954125f552baef52fbb3fe2ed907a11ad519c reviewed-on : http : //codereview.qt-project.org/4325 reviewed-by : qt sanity bot < qt_sanity_bot @ ovi.com > reviewed-by : paul olav tvete < paul.tvete @ nokia.com >",164.0,295.0,12.0,3.0,4.0,,3.0,,7.0,213253.61538461535,,18.0,,test,1b1831500142c995137f5e4b1bc03d21aa08e1e1,0.7563811086111495,4.0,86982.0,2.0,False,1.0,112.0,112.0,18.0,106.0,16.0,0.084384858044164,0.0134069400630914,,,,,,,,
qt,xgb,,,,,,,,,,,,,,,,,,,,,,1,82f95318d61dbfebaa04182de2445a6576a621cd,qt,0.9375747442245483,1,0.6115847826004028,True,tp,metrics_plus_commit_text,metrics_plus_commit_text,commit_text,True,paper-v1,error_analysis,qt::xgb::training,qt::xgb,,C:\Users\Dam Hieu\Desktop\CNDM - VIẾT BÁO + KLTN\prototype\results\tables\hybrid_tfidf_results.csv,C:\Users\Dam Hieu\Desktop\CNDM - VIẾT BÁO + KLTN\prototype\models\hybrid_tfidf\xgb_qt.joblib,jitline_native_split,,"{'feature_family': 'metrics_plus_commit_text', 'num_features': 1022}",1022,hybrid_tfidf,1,Selected by recall then f1 using validation metrics within dataset under policy hybrid_validation_then_tuned,0.9375747442245483,tp,la,age,nf,"la,age,nf",fix the xlib backend for lighthouse adapt the backend to the changes in lighthouse . change-id : if2d795c901143a80eed4f23d14add6ab9f42750b reviewed-on : http : //codereview.qt.nokia.com/3568 reviewed-by : jørgen lind < jorgen.lind @ nokia.com >,175.0,287.0,19.0,2.0,2.0,,2.0,,3.0,53433.142857142855,,40.0,,test,82f95318d61dbfebaa04182de2445a6576a621cd,0.7963409191533837,1.0,1546.0,2.0,False,1.0,75.0,75.0,40.0,69.0,39.0,0.0718685831622176,0.0410677618069815,,,,,,,,
qt,xgb,,,,,,,,,,,,,,,,,,,,,,1,8515b24d7b05f92c276d9affca78c90fac6d9df5,qt,0.9367988109588623,1,0.6115847826004028,True,tp,metrics_plus_commit_text,metrics_plus_commit_text,commit_text,True,paper-v1,error_analysis,qt::xgb::training,qt::xgb,,C:\Users\Dam Hieu\Desktop\CNDM - VIẾT BÁO + KLTN\prototype\results\tables\hybrid_tfidf_results.csv,C:\Users\Dam Hieu\Desktop\CNDM - VIẾT BÁO + KLTN\prototype\models\hybrid_tfidf\xgb_qt.joblib,jitline_native_split,,"{'feature_family': 'metrics_plus_commit_text', 'num_features': 1022}",1022,hybrid_tfidf,1,Selected by recall then f1 using validation metrics within dataset under policy hybrid_validation_then_tuned,0.9367988109588623,tp,la,age,nf,"la,age,nf",qdoc3 : task qtbug-21875 this will probably need iterations as people see it and want something slightly different . task-number : qtbug-21875 change-id : i3c6da6982e55c681f2fb62d59143d63af5268833 reviewed-on : http : //codereview.qt-project.org/6129 reviewed-by : martin smith < martin.smith @ nokia.com > reviewed-by : casper van donderen < casper.vandonderen @ nokia.com > sanity-review : casper van donderen < casper.vandonderen @ nokia.com >,367.0,132.0,13.0,1.0,1.0,,4.0,,29.0,1619200.1538461538,,64.0,,test,8515b24d7b05f92c276d9affca78c90fac6d9df5,0.7614289684177578,3.0,438745.0,5.0,False,2.0,34.0,34.0,64.0,34.0,41.0,0.4166666666666667,0.5,,,,,,,,
qt,xgb,,,,,,,,,,,,,,,,,,,,,,1,fdbdbbdd4ff05d1ceb7667227db5b14687a77c96,qt,0.935848593711853,1,0.6115847826004028,True,tp,metrics_plus_commit_text,metrics_plus_commit_text,commit_text,True,paper-v1,error_analysis,qt::xgb::training,qt::xgb,,C:\Users\Dam Hieu\Desktop\CNDM - VIẾT BÁO + KLTN\prototype\results\tables\hybrid_tfidf_results.csv,C:\Users\Dam Hieu\Desktop\CNDM - VIẾT BÁO + KLTN\prototype\models\hybrid_tfidf\xgb_qt.joblib,jitline_native_split,,"{'feature_family': 'metrics_plus_commit_text', 'num_features': 1022}",1022,hybrid_tfidf,1,Selected by recall then f1 using validation metrics within dataset under policy hybrid_validation_then_tuned,0.935848593711853,tp,la,age,nf,"la,age,nf","add support for assigning literal value to sequence property it is a language semantic that we allow clients to assign a single value to a sequence/list property ( assuming that the types match ) . now that we support sequence types , this commit adds support for this semantic by determining whether the built-in type of the literal corresponds to the associated sequence ( eg , int for qlist < int > , qreal for qlist < qreal > , bool for qlist < bool > , qstring for qstringlist etc ) . similarly , some value types can be constructed from literal string values ( via string converters ) and these need to be handled also . task-number : qtbug-18062 task-number : qtbug-21770 change-id : iacd91b2af122cd8f20b7df2fa6056a7d7c52bf53 reviewed-by : aaron kennedy < aaron.kennedy @ nokia.com >",270.0,0.0,6.0,2.0,2.0,,15.0,,97.0,529383.6666666666,,143.0,,test,fdbdbbdd4ff05d1ceb7667227db5b14687a77c96,0.8964835521413762,7.0,11671243.0,3.0,False,2.0,31.0,31.0,143.0,31.0,142.0,0.0116959064327485,0.052266081871345,,,,,,,,
qt,xgb,,,,,,,,,,,,,,,,,,,,,,1,cd45bdc20556b3a18d9fc5cf60dd2b7b0a49aa8c,qt,0.03579941391944885,0,0.6115847826004028,False,fn,metrics_plus_commit_text,metrics_plus_commit_text,commit_text,True,paper-v1,error_analysis,qt::xgb::training,qt::xgb,,C:\Users\Dam Hieu\Desktop\CNDM - VIẾT BÁO + KLTN\prototype\results\tables\hybrid_tfidf_results.csv,C:\Users\Dam Hieu\Desktop\CNDM - VIẾT BÁO + KLTN\prototype\models\hybrid_tfidf\xgb_qt.joblib,jitline_native_split,,"{'feature_family': 'metrics_plus_commit_text', 'num_features': 1022}",1022,hybrid_tfidf,1,Selected by recall then f1 using validation metrics within dataset under policy hybrid_validation_then_tuned,0.9642006158828735,fn,la,age,nf,"la,age,nf",write pretty androidmanifest.xml change-id : i11d09940d28f13f1e1d9939ee46e2c321d8cb2a9 reviewed-by : eskil abrahamsen blomfeldt < eskil.abrahamsen-blomfeldt @ digia.com >,0.0,0.0,1.0,1.0,1.0,,5.0,,33.0,16.0,,625.0,,test,cd45bdc20556b3a18d9fc5cf60dd2b7b0a49aa8c,0.0,1.0,244666.0,1.0,False,1.0,74.0,73.0,438.0,72.0,592.0,0.0038136035941907,0.0309789990596593,,,,,,,,
qt,xgb,,,,,,,,,,,,,,,,,,,,,,1,4bb755598bf2abb762d0458dadb9f7a9feba32c3,qt,0.09329109638929367,0,0.6115847826004028,False,fn,metrics_plus_commit_text,metrics_plus_commit_text,commit_text,True,paper-v1,error_analysis,qt::xgb::training,qt::xgb,,C:\Users\Dam Hieu\Desktop\CNDM - VIẾT BÁO + KLTN\prototype\results\tables\hybrid_tfidf_results.csv,C:\Users\Dam Hieu\Desktop\CNDM - VIẾT BÁO + KLTN\prototype\models\hybrid_tfidf\xgb_qt.joblib,jitline_native_split,,"{'feature_family': 'metrics_plus_commit_text', 'num_features': 1022}",1022,hybrid_tfidf,1,Selected by recall then f1 using validation metrics within dataset under policy hybrid_validation_then_tuned,0.9067088961601257,fn,la,age,nf,"la,age,nf","qgstreamermetadataprovider : fix keys not mapped properly . add a key which is mapped against the qgstreamermetadatakeylookup , not the original gstreamer key . change-id : i2e20b102e97b9a3a7909ff925f195cd0bdff1775 reviewed-by : dmytro poplavskiy < dmytro.poplavskiy @ nokia.com >",1.0,1.0,1.0,1.0,1.0,,5.0,,10.0,8453744.0,,133.0,,test,4bb755598bf2abb762d0458dadb9f7a9feba32c3,0.0,2.0,10101.0,2.0,False,1.0,47.0,47.0,133.0,34.0,122.0,0.004846302963168,0.0170312932705621,,,,,,,,
qt,xgb,,,,,,,,,,,,,,,,,,,,,,1,b2c1550564b6cdf2b1cce262355c6b7f8b9b425a,qt,0.10076257586479187,0,0.6115847826004028,False,fn,metrics_plus_commit_text,metrics_plus_commit_text,commit_text,True,paper-v1,error_analysis,qt::xgb::training,qt::xgb,,C:\Users\Dam Hieu\Desktop\CNDM - VIẾT BÁO + KLTN\prototype\results\tables\hybrid_tfidf_results.csv,C:\Users\Dam Hieu\Desktop\CNDM - VIẾT BÁO + KLTN\prototype\models\hybrid_tfidf\xgb_qt.joblib,jitline_native_split,,"{'feature_family': 'metrics_plus_commit_text', 'num_features': 1022}",1022,hybrid_tfidf,1,Selected by recall then f1 using validation metrics within dataset under policy hybrid_validation_then_tuned,0.8992373943328857,fn,la,age,nf,"la,age,nf",use qcollator in qstring and remove it from qlocale_icu change-id : ic94439943999382f8050668edfb67d3b75ac1df4 reviewed-by : thiago macieira < thiago.macieira @ intel.com >,4.0,23.0,3.0,1.0,1.0,,24.0,,95.0,24462.0,,1754.0,,test,b2c1550564b6cdf2b1cce262355c6b7f8b9b425a,0.7282023343901067,7.0,472629.0,6.0,False,2.0,873.0,869.0,1750.0,791.0,1566.0,0.1004693644551566,0.1987821895217556,,,,,,,,
qt,xgb,,,,,,,,,,,,,,,,,,,,,,1,47cbfe2aca62fa524da171ef147d959afee993ec,qt,0.11109999567270279,0,0.6115847826004028,False,fn,metrics_plus_commit_text,metrics_plus_commit_text,commit_text,True,paper-v1,error_analysis,qt::xgb::training,qt::xgb,,C:\Users\Dam Hieu\Desktop\CNDM - VIẾT BÁO + KLTN\prototype\results\tables\hybrid_tfidf_results.csv,C:\Users\Dam Hieu\Desktop\CNDM - VIẾT BÁO + KLTN\prototype\models\hybrid_tfidf\xgb_qt.joblib,jitline_native_split,,"{'feature_family': 'metrics_plus_commit_text', 'num_features': 1022}",1022,hybrid_tfidf,1,Selected by recall then f1 using validation metrics within dataset under policy hybrid_validation_then_tuned,0.8888999819755554,fn,la,age,nf,"la,age,nf","fix assertion when encountering invalid header line . the server test sets an empty identifier which results in a headerline containing `` server : `` . the split then yields a list with a single entry ( `` server '' ) . calling [ 1 ] on it asserts then . qfatal : tst_qwebsocketserver : :tst_connectivity ( ) assert failure in qlist < t > : :operator [ ] : `` index out of range '' , file /ssd/milian/projects/compiled/qt5/include/qtcore/qlist.h , line 476 change-id : i3e5c4750b304b2a4a5669a39e2d65a6b3e4e99cf reviewed-by : kurt pattyn < pattyn.kurt @ gmail.com >",1.0,0.0,1.0,1.0,1.0,,4.0,,46.0,569.0,,195.0,,test,47cbfe2aca62fa524da171ef147d959afee993ec,0.0,1.0,11274.0,2.0,False,1.0,82.0,70.0,194.0,68.0,156.0,0.0035424581579217,0.0080603758086045,,,,,,,,
qt,xgb,,,,,,,,,,,,,,,,,,,,,,1,94d003c59b346c078e4aa8233c29c2c2c3467e3b,qt,0.12479883432388306,0,0.6115847826004028,False,fn,metrics_plus_commit_text,metrics_plus_commit_text,commit_text,True,paper-v1,error_analysis,qt::xgb::training,qt::xgb,,C:\Users\Dam Hieu\Desktop\CNDM - VIẾT BÁO + KLTN\prototype\results\tables\hybrid_tfidf_results.csv,C:\Users\Dam Hieu\Desktop\CNDM - VIẾT BÁO + KLTN\prototype\models\hybrid_tfidf\xgb_qt.joblib,jitline_native_split,,"{'feature_family': 'metrics_plus_commit_text', 'num_features': 1022}",1022,hybrid_tfidf,1,Selected by recall then f1 using validation metrics within dataset under policy hybrid_validation_then_tuned,0.8752011656761169,fn,la,age,nf,"la,age,nf",[ new compiler ] fix profiler support add profiler tracing calls during objection creation and make sure to set the function token / source location correctly for the synthesized function declarations of signal handlers . change-id : ie4f8accce3a5c5d1d57bb0646cda588b89b76718 reviewed-by : lars knoll < lars.knoll @ digia.com >,14.0,1.0,4.0,1.0,3.0,,7.0,,161.0,846020.0,,3987.0,,test,94d003c59b346c078e4aa8233c29c2c2c3467e3b,0.7773048806327834,5.0,116345.0,5.0,False,1.0,2584.0,2145.0,2854.0,1910.0,3173.0,0.0955213435969209,0.1586524042787163,,,,,,,,
qt,xgb,,,,,,,,,,,,,,,,,,,,,,0,cee63e2c17c8e83a4366741da0cbd5fc852e5835,qt,0.9571881294250488,1,0.6115847826004028,False,fp,metrics_plus_commit_text,metrics_plus_commit_text,commit_text,True,paper-v1,error_analysis,qt::xgb::training,qt::xgb,,C:\Users\Dam Hieu\Desktop\CNDM - VIẾT BÁO + KLTN\prototype\results\tables\hybrid_tfidf_results.csv,C:\Users\Dam Hieu\Desktop\CNDM - VIẾT BÁO + KLTN\prototype\models\hybrid_tfidf\xgb_qt.joblib,jitline_native_split,,"{'feature_family': 'metrics_plus_commit_text', 'num_features': 1022}",1022,hybrid_tfidf,1,Selected by recall then f1 using validation metrics within dataset under policy hybrid_validation_then_tuned,0.9571881294250488,fp,la,age,nf,"la,age,nf","cocoa : qmenu refactor . this change prepares for enabling native menus on os x . move code from src/widgets to cocoa : - qcocoaapplicaiton - qcocoaapplicaitondelegate - qcocoamenuloader - qcocoamenu - qmenu_mac - misc helpers to qcocoahelpers create a qnsapplication and qcocoaapplicationdelegate at application startup . new lighthouse api : - class qplatformmenu - class qplatformmenubar - qplatformintegration : :createplatformmenu ( ) - qplatformintegration : :createplatformmenubar ( ) platforms that wants a native menu integration subclasses qplatformmenu [ |bar ] and implements the create function . the default implementation returns 0 , which causes qmenu to use the standard qt menus . this api is based on the current native menu abstraction that mac , wince and s60 uses in qt 4 . the main difference is that the platform classes are proper standalone classes and not # ifdeffed into qmenuprivate . change-id : i3da41f80b0ae903a476937908b1f9b88014b7954 reviewed-on : http : //codereview.qt.nokia.com/4068 reviewed-by : morten johan sørvig < morten.sorvig @ nokia.com >",197.0,352.0,22.0,2.0,9.0,,9.0,,18.0,153115.76923076922,,20.0,,test,cee63e2c17c8e83a4366741da0cbd5fc852e5835,0.8687491325521273,5.0,512169.0,1.0,True,1.0,20.0,20.0,20.0,19.0,19.0,0.0165289256198347,0.0165289256198347,,,,,,,,
qt,xgb,,,,,,,,,,,,,,,,,,,,,,0,5a67cd24955da6c3ac27cbbd5e08cf9ce9fa88b9,qt,0.9543601274490356,1,0.6115847826004028,False,fp,metrics_plus_commit_text,metrics_plus_commit_text,commit_text,True,paper-v1,error_analysis,qt::xgb::training,qt::xgb,,C:\Users\Dam Hieu\Desktop\CNDM - VIẾT BÁO + KLTN\prototype\results\tables\hybrid_tfidf_results.csv,C:\Users\Dam Hieu\Desktop\CNDM - VIẾT BÁO + KLTN\prototype\models\hybrid_tfidf\xgb_qt.joblib,jitline_native_split,,"{'feature_family': 'metrics_plus_commit_text', 'num_features': 1022}",1022,hybrid_tfidf,1,Selected by recall then f1 using validation metrics within dataset under policy hybrid_validation_then_tuned,0.9543601274490356,fp,la,age,nf,"la,age,nf",windows : add dialog helpers for native dialogs . implement qplatformdialoghelper for file dialogs based on ifiledialog . add prototypical implementation of color dialogs . change-id : if3c7470be6c0b8fbf8cfea1b6638bda43afafea7 reviewed-by : oliver wolff < oliver.wolff @ nokia.com >,1064.0,0.0,8.0,1.0,1.0,,5.0,,13.0,802724.625,,158.0,,test,5a67cd24955da6c3ac27cbbd5e08cf9ce9fa88b9,0.184225896929899,2.0,9683.0,2.0,False,2.0,154.0,154.0,158.0,134.0,137.0,0.0587467362924282,0.0600522193211488,,,,,,,,
qt,xgb,,,,,,,,,,,,,,,,,,,,,,0,432a48b8f2d9ebaef1bd7be4a168a45524faaf68,qt,0.9491718411445618,1,0.6115847826004028,False,fp,metrics_plus_commit_text,metrics_plus_commit_text,commit_text,True,paper-v1,error_analysis,qt::xgb::training,qt::xgb,,C:\Users\Dam Hieu\Desktop\CNDM - VIẾT BÁO + KLTN\prototype\results\tables\hybrid_tfidf_results.csv,C:\Users\Dam Hieu\Desktop\CNDM - VIẾT BÁO + KLTN\prototype\models\hybrid_tfidf\xgb_qt.joblib,jitline_native_split,,"{'feature_family': 'metrics_plus_commit_text', 'num_features': 1022}",1022,hybrid_tfidf,1,Selected by recall then f1 using validation metrics within dataset under policy hybrid_validation_then_tuned,0.9491718411445618,fp,la,age,nf,"la,age,nf",support remote import paths probe for installed modules in import path elements which are not local to the machine . note that all local paths in the import path list will be tried before any remote locations are probed . task-number : qtbug-21386 change-id : i4f7b9e54e54c1d62a5e7cb7f059ee1e9319ef054 reviewed-by : chris adams < christopher.adams @ nokia.com >,878.0,417.0,10.0,2.0,4.0,,21.0,,95.0,921707.2,,288.0,,test,432a48b8f2d9ebaef1bd7be4a168a45524faaf68,0.542763402544532,10.0,1463662.0,12.0,False,2.0,122.0,122.0,288.0,116.0,281.0,0.0116059914691002,0.0279734153357801,,,,,,,,
qt,xgb,,,,,,,,,,,,,,,,,,,,,,0,29993ff8e91715bdfbaf964c91e07a112f6d2a24,qt,0.9385647177696228,1,0.6115847826004028,False,fp,metrics_plus_commit_text,metrics_plus_commit_text,commit_text,True,paper-v1,error_analysis,qt::xgb::training,qt::xgb,,C:\Users\Dam Hieu\Desktop\CNDM - VIẾT BÁO + KLTN\prototype\results\tables\hybrid_tfidf_results.csv,C:\Users\Dam Hieu\Desktop\CNDM - VIẾT BÁO + KLTN\prototype\models\hybrid_tfidf\xgb_qt.joblib,jitline_native_split,,"{'feature_family': 'metrics_plus_commit_text', 'num_features': 1022}",1022,hybrid_tfidf,1,Selected by recall then f1 using validation metrics within dataset under policy hybrid_validation_then_tuned,0.9385647177696228,fp,la,age,nf,"la,age,nf","refactor spriteengine out of stochasticengine also add particlegroups which use only stochasticstates simplistic change for now , just to focus the api for the particle system . particlegroup elements replace the particlestates property on the system , and the term `` group '' is now used more consistently . change-id : i6456f9c521b8166ccd94ea953275557bcfbf6423 reviewed-on : http : //codereview.qt-project.org/4699 reviewed-by : alan alpert < alan.alpert @ nokia.com >",422.0,277.0,24.0,1.0,2.0,,7.0,,52.0,566887.25,,87.0,,test,29993ff8e91715bdfbaf964c91e07a112f6d2a24,0.7667292010303326,3.0,18621.0,1.0,True,1.0,87.0,87.0,87.0,81.0,81.0,0.0606508875739644,0.0606508875739644,,,,,,,,
qt,xgb,,,,,,,,,,,,,,,,,,,,,,0,14228a41471a327f6e600220a795a1c6cb23c2b2,qt,0.9357175827026367,1,0.6115847826004028,False,fp,metrics_plus_commit_text,metrics_plus_commit_text,commit_text,True,paper-v1,error_analysis,qt::xgb::training,qt::xgb,,C:\Users\Dam Hieu\Desktop\CNDM - VIẾT BÁO + KLTN\prototype\results\tables\hybrid_tfidf_results.csv,C:\Users\Dam Hieu\Desktop\CNDM - VIẾT BÁO + KLTN\prototype\models\hybrid_tfidf\xgb_qt.joblib,jitline_native_split,,"{'feature_family': 'metrics_plus_commit_text', 'num_features': 1022}",1022,hybrid_tfidf,1,Selected by recall then f1 using validation metrics within dataset under policy hybrid_validation_then_tuned,0.9357175827026367,fp,la,age,nf,"la,age,nf","support margins in flickable . it is sometimes desireable to leave a margin/add decoration around the content of a flickable . this adds topmargin , leftmargin , bottommargin rightmargin , xorigin and yorigin properties to flickable . task-number : qtbug-21362 change-id : ia24ea4c63e7a8de683b68100baac782c6f3a66bb reviewed-on : http : //codereview.qt-project.org/5445 reviewed-by : bea lam < bea.lam @ nokia.com >",367.0,36.0,9.0,2.0,4.0,,10.0,,56.0,16406.0,,166.0,,test,14228a41471a327f6e600220a795a1c6cb23c2b2,0.8357694089782974,1.0,246307.0,1.0,False,2.0,137.0,137.0,166.0,136.0,161.0,0.0768799102132435,0.0909090909090909,,,,,,,,
qt,xgb,,,,,,,,,,,,,,,,,,,,,,0,831c6a4ec263b0f3237db488005cdb69989cfa49,qt,0.007996747270226479,0,0.6115847826004028,True,tn,metrics_plus_commit_text,metrics_plus_commit_text,commit_text,True,paper-v1,error_analysis,qt::xgb::training,qt::xgb,,C:\Users\Dam Hieu\Desktop\CNDM - VIẾT BÁO + KLTN\prototype\results\tables\hybrid_tfidf_results.csv,C:\Users\Dam Hieu\Desktop\CNDM - VIẾT BÁO + KLTN\prototype\models\hybrid_tfidf\xgb_qt.joblib,jitline_native_split,,"{'feature_family': 'metrics_plus_commit_text', 'num_features': 1022}",1022,hybrid_tfidf,1,Selected by recall then f1 using validation metrics within dataset under policy hybrid_validation_then_tuned,0.9920032620429993,tn,la,age,nf,"la,age,nf","remove unused variable , found by icc 14 qxslttokenizer.cpp ( 700 ) : warning # 177 : variable `` val '' was declared but never referenced const qstringref val ( m_currentattributes.value ( commonnamespaces : :xml , qlatin1string ( `` space '' ) ) ) ; ^ change-id : ic806bf1e9c22ead8680907b0e22794d7b07dcc90 reviewed-by : mitch curtis < mitch.curtis @ digia.com >",0.0,1.0,1.0,1.0,1.0,,3.0,,5.0,32205151.0,,275.0,,test,831c6a4ec263b0f3237db488005cdb69989cfa49,0.0,1.0,35085.0,1.0,False,1.0,2626.0,1688.0,218.0,2289.0,220.0,0.1222898643597137,0.0118017729360247,,,,,,,,
qt,xgb,,,,,,,,,,,,,,,,,,,,,,0,5728239d7490ad00da3109f03aeab5c9ebb182be,qt,0.00804147869348526,0,0.6115847826004028,True,tn,metrics_plus_commit_text,metrics_plus_commit_text,commit_text,True,paper-v1,error_analysis,qt::xgb::training,qt::xgb,,C:\Users\Dam Hieu\Desktop\CNDM - VIẾT BÁO + KLTN\prototype\results\tables\hybrid_tfidf_results.csv,C:\Users\Dam Hieu\Desktop\CNDM - VIẾT BÁO + KLTN\prototype\models\hybrid_tfidf\xgb_qt.joblib,jitline_native_split,,"{'feature_family': 'metrics_plus_commit_text', 'num_features': 1022}",1022,hybrid_tfidf,1,Selected by recall then f1 using validation metrics within dataset under policy hybrid_validation_then_tuned,0.991958498954773,tn,la,age,nf,"la,age,nf",change copyrights from nokia to digia change copyrights and license headers from nokia to digia change-id : i5b63c06bf0e6e45f5b00669f749e5e136ddc2f9d reviewed-by : janne anttila < janne.anttila @ digia.com > reviewed-by : lars knoll < lars.knoll @ digia.com >,0.0,0.0,2.0,1.0,2.0,,1.0,,3.0,21234942.0,,1463.0,,test,5728239d7490ad00da3109f03aeab5c9ebb182be,0.0,2.0,40553.0,2.0,False,3.0,311.0,282.0,1334.0,2.0,18.0,0.0769230769230769,0.4871794871794871,,,,,,,,
qt,xgb,,,,,,,,,,,,,,,,,,,,,,0,ec4c93a852ddc1d1437232241de492ad20d4cbb1,qt,0.009907025843858719,0,0.6115847826004028,True,tn,metrics_plus_commit_text,metrics_plus_commit_text,commit_text,True,paper-v1,error_analysis,qt::xgb::training,qt::xgb,,C:\Users\Dam Hieu\Desktop\CNDM - VIẾT BÁO + KLTN\prototype\results\tables\hybrid_tfidf_results.csv,C:\Users\Dam Hieu\Desktop\CNDM - VIẾT BÁO + KLTN\prototype\models\hybrid_tfidf\xgb_qt.joblib,jitline_native_split,,"{'feature_family': 'metrics_plus_commit_text', 'num_features': 1022}",1022,hybrid_tfidf,1,Selected by recall then f1 using validation metrics within dataset under policy hybrid_validation_then_tuned,0.9900929927825928,tn,la,age,nf,"la,age,nf",remove unsused local variables from tst_collections change-id : i4ca1862d29432ca83b90024664b548ea0eef26c0 reviewed-by : thiago macieira < thiago.macieira @ intel.com >,0.0,2.0,1.0,1.0,1.0,,2.0,,3.0,324.0,,2897.0,,test,ec4c93a852ddc1d1437232241de492ad20d4cbb1,0.0,1.0,101886.0,1.0,False,1.0,944.0,624.0,1699.0,361.0,832.0,0.0514423760125053,0.1183743072331959,,,,,,,,
qt,xgb,,,,,,,,,,,,,,,,,,,,,,0,64dd24ae0744bce0fdd218cd1fb373746c7f079e,qt,0.010251475498080254,0,0.6115847826004028,True,tn,metrics_plus_commit_text,metrics_plus_commit_text,commit_text,True,paper-v1,error_analysis,qt::xgb::training,qt::xgb,,C:\Users\Dam Hieu\Desktop\CNDM - VIẾT BÁO + KLTN\prototype\results\tables\hybrid_tfidf_results.csv,C:\Users\Dam Hieu\Desktop\CNDM - VIẾT BÁO + KLTN\prototype\models\hybrid_tfidf\xgb_qt.joblib,jitline_native_split,,"{'feature_family': 'metrics_plus_commit_text', 'num_features': 1022}",1022,hybrid_tfidf,1,Selected by recall then f1 using validation metrics within dataset under policy hybrid_validation_then_tuned,0.9897485375404358,tn,la,age,nf,"la,age,nf",remove duplicated call to qgraphicsscenemouseevent : :setbuttons . task-number : qtbug-8061 change-id : i1326d6b3d6c6b7c3f6dc383aa5fe66d5e1f0b229 reviewed-by : laszlo papp < lpapp @ kde.org > reviewed-by : giuseppe d'angelo < giuseppe.dangelo @ kdab.com > reviewed-by : andreas aardal hanssen < andreas @ hanssen.name >,0.0,1.0,1.0,1.0,1.0,,16.0,,27.0,7155215.0,,776.0,,test,64dd24ae0744bce0fdd218cd1fb373746c7f079e,0.0,1.0,166107.0,4.0,False,3.0,14.0,11.0,628.0,11.0,687.0,0.0007948599059415,0.0455719679406504,,,,,,,,
qt,xgb,,,,,,,,,,,,,,,,,,,,,,0,248f29075e84cf57529ce7678c21e13a0fbf4a7e,qt,0.010602599009871483,0,0.6115847826004028,True,tn,metrics_plus_commit_text,metrics_plus_commit_text,commit_text,True,paper-v1,error_analysis,qt::xgb::training,qt::xgb,,C:\Users\Dam Hieu\Desktop\CNDM - VIẾT BÁO + KLTN\prototype\results\tables\hybrid_tfidf_results.csv,C:\Users\Dam Hieu\Desktop\CNDM - VIẾT BÁO + KLTN\prototype\models\hybrid_tfidf\xgb_qt.joblib,jitline_native_split,,"{'feature_family': 'metrics_plus_commit_text', 'num_features': 1022}",1022,hybrid_tfidf,1,Selected by recall then f1 using validation metrics within dataset under policy hybrid_validation_then_tuned,0.989397406578064,tn,la,age,nf,"la,age,nf","qfeatures : allow qfilesystemmodel without qfilesystemwatcher as of 373e44d , qfilesystemmodel can be built without qfilesystemwatcher support , making this define incorrect . change-id : i1c18dc4f323f94b43f4e49646911fd06b0f01f73 reviewed-by : sérgio martins < sergio.martins @ kdab.com > reviewed-by : friedemann kleint < friedemann.kleint @ digia.com >",0.0,3.0,1.0,1.0,1.0,,22.0,,36.0,14506931.0,,2297.0,,test,248f29075e84cf57529ce7678c21e13a0fbf4a7e,0.0,2.0,263948.0,4.0,False,3.0,57.0,57.0,1725.0,39.0,1754.0,0.0024058703235895,0.1055575604474918,,,,,,,,
qt,xgb,,,,,,,,,,,,,,,,,,,,,,0,831c6a4ec263b0f3237db488005cdb69989cfa49,qt,0.007996747270226479,0,0.6115847826004028,True,tn,metrics_plus_commit_text,metrics_plus_commit_text,commit_text,True,paper-v1,error_analysis,qt::xgb::training,qt::xgb,,C:\Users\Dam Hieu\Desktop\CNDM - VIẾT BÁO + KLTN\prototype\results\tables\hybrid_tfidf_results.csv,C:\Users\Dam Hieu\Desktop\CNDM - VIẾT BÁO + KLTN\prototype\models\hybrid_tfidf\xgb_qt.joblib,jitline_native_split,,"{'feature_family': 'metrics_plus_commit_text', 'num_features': 1022}",1022,hybrid_tfidf,1,Selected by recall then f1 using validation metrics within dataset under policy hybrid_validation_then_tuned,0.9920032620429993,correct,la,age,nf,"la,age,nf","remove unused variable , found by icc 14 qxslttokenizer.cpp ( 700 ) : warning # 177 : variable `` val '' was declared but never referenced const qstringref val ( m_currentattributes.value ( commonnamespaces : :xml , qlatin1string ( `` space '' ) ) ) ; ^ change-id : ic806bf1e9c22ead8680907b0e22794d7b07dcc90 reviewed-by : mitch curtis < mitch.curtis @ digia.com >",0.0,1.0,1.0,1.0,1.0,,3.0,,5.0,32205151.0,,275.0,,test,831c6a4ec263b0f3237db488005cdb69989cfa49,0.0,1.0,35085.0,1.0,False,1.0,2626.0,1688.0,218.0,2289.0,220.0,0.1222898643597137,0.0118017729360247,,,,,,,,
qt,xgb,,,,,,,,,,,,,,,,,,,,,,0,5728239d7490ad00da3109f03aeab5c9ebb182be,qt,0.00804147869348526,0,0.6115847826004028,True,tn,metrics_plus_commit_text,metrics_plus_commit_text,commit_text,True,paper-v1,error_analysis,qt::xgb::training,qt::xgb,,C:\Users\Dam Hieu\Desktop\CNDM - VIẾT BÁO + KLTN\prototype\results\tables\hybrid_tfidf_results.csv,C:\Users\Dam Hieu\Desktop\CNDM - VIẾT BÁO + KLTN\prototype\models\hybrid_tfidf\xgb_qt.joblib,jitline_native_split,,"{'feature_family': 'metrics_plus_commit_text', 'num_features': 1022}",1022,hybrid_tfidf,1,Selected by recall then f1 using validation metrics within dataset under policy hybrid_validation_then_tuned,0.991958498954773,correct,la,age,nf,"la,age,nf",change copyrights from nokia to digia change copyrights and license headers from nokia to digia change-id : i5b63c06bf0e6e45f5b00669f749e5e136ddc2f9d reviewed-by : janne anttila < janne.anttila @ digia.com > reviewed-by : lars knoll < lars.knoll @ digia.com >,0.0,0.0,2.0,1.0,2.0,,1.0,,3.0,21234942.0,,1463.0,,test,5728239d7490ad00da3109f03aeab5c9ebb182be,0.0,2.0,40553.0,2.0,False,3.0,311.0,282.0,1334.0,2.0,18.0,0.0769230769230769,0.4871794871794871,,,,,,,,
qt,xgb,,,,,,,,,,,,,,,,,,,,,,0,ec4c93a852ddc1d1437232241de492ad20d4cbb1,qt,0.009907025843858719,0,0.6115847826004028,True,tn,metrics_plus_commit_text,metrics_plus_commit_text,commit_text,True,paper-v1,error_analysis,qt::xgb::training,qt::xgb,,C:\Users\Dam Hieu\Desktop\CNDM - VIẾT BÁO + KLTN\prototype\results\tables\hybrid_tfidf_results.csv,C:\Users\Dam Hieu\Desktop\CNDM - VIẾT BÁO + KLTN\prototype\models\hybrid_tfidf\xgb_qt.joblib,jitline_native_split,,"{'feature_family': 'metrics_plus_commit_text', 'num_features': 1022}",1022,hybrid_tfidf,1,Selected by recall then f1 using validation metrics within dataset under policy hybrid_validation_then_tuned,0.9900929927825928,correct,la,age,nf,"la,age,nf",remove unsused local variables from tst_collections change-id : i4ca1862d29432ca83b90024664b548ea0eef26c0 reviewed-by : thiago macieira < thiago.macieira @ intel.com >,0.0,2.0,1.0,1.0,1.0,,2.0,,3.0,324.0,,2897.0,,test,ec4c93a852ddc1d1437232241de492ad20d4cbb1,0.0,1.0,101886.0,1.0,False,1.0,944.0,624.0,1699.0,361.0,832.0,0.0514423760125053,0.1183743072331959,,,,,,,,
qt,xgb,,,,,,,,,,,,,,,,,,,,,,0,64dd24ae0744bce0fdd218cd1fb373746c7f079e,qt,0.010251475498080254,0,0.6115847826004028,True,tn,metrics_plus_commit_text,metrics_plus_commit_text,commit_text,True,paper-v1,error_analysis,qt::xgb::training,qt::xgb,,C:\Users\Dam Hieu\Desktop\CNDM - VIẾT BÁO + KLTN\prototype\results\tables\hybrid_tfidf_results.csv,C:\Users\Dam Hieu\Desktop\CNDM - VIẾT BÁO + KLTN\prototype\models\hybrid_tfidf\xgb_qt.joblib,jitline_native_split,,"{'feature_family': 'metrics_plus_commit_text', 'num_features': 1022}",1022,hybrid_tfidf,1,Selected by recall then f1 using validation metrics within dataset under policy hybrid_validation_then_tuned,0.9897485375404358,correct,la,age,nf,"la,age,nf",remove duplicated call to qgraphicsscenemouseevent : :setbuttons . task-number : qtbug-8061 change-id : i1326d6b3d6c6b7c3f6dc383aa5fe66d5e1f0b229 reviewed-by : laszlo papp < lpapp @ kde.org > reviewed-by : giuseppe d'angelo < giuseppe.dangelo @ kdab.com > reviewed-by : andreas aardal hanssen < andreas @ hanssen.name >,0.0,1.0,1.0,1.0,1.0,,16.0,,27.0,7155215.0,,776.0,,test,64dd24ae0744bce0fdd218cd1fb373746c7f079e,0.0,1.0,166107.0,4.0,False,3.0,14.0,11.0,628.0,11.0,687.0,0.0007948599059415,0.0455719679406504,,,,,,,,
qt,xgb,,,,,,,,,,,,,,,,,,,,,,0,248f29075e84cf57529ce7678c21e13a0fbf4a7e,qt,0.010602599009871483,0,0.6115847826004028,True,tn,metrics_plus_commit_text,metrics_plus_commit_text,commit_text,True,paper-v1,error_analysis,qt::xgb::training,qt::xgb,,C:\Users\Dam Hieu\Desktop\CNDM - VIẾT BÁO + KLTN\prototype\results\tables\hybrid_tfidf_results.csv,C:\Users\Dam Hieu\Desktop\CNDM - VIẾT BÁO + KLTN\prototype\models\hybrid_tfidf\xgb_qt.joblib,jitline_native_split,,"{'feature_family': 'metrics_plus_commit_text', 'num_features': 1022}",1022,hybrid_tfidf,1,Selected by recall then f1 using validation metrics within dataset under policy hybrid_validation_then_tuned,0.989397406578064,correct,la,age,nf,"la,age,nf","qfeatures : allow qfilesystemmodel without qfilesystemwatcher as of 373e44d , qfilesystemmodel can be built without qfilesystemwatcher support , making this define incorrect . change-id : i1c18dc4f323f94b43f4e49646911fd06b0f01f73 reviewed-by : sérgio martins < sergio.martins @ kdab.com > reviewed-by : friedemann kleint < friedemann.kleint @ digia.com >",0.0,3.0,1.0,1.0,1.0,,22.0,,36.0,14506931.0,,2297.0,,test,248f29075e84cf57529ce7678c21e13a0fbf4a7e,0.0,2.0,263948.0,4.0,False,3.0,57.0,57.0,1725.0,39.0,1754.0,0.0024058703235895,0.1055575604474918,,,,,,,,
qt,xgb,,,,,,,,,,,,,,,,,,,,,,1,cd45bdc20556b3a18d9fc5cf60dd2b7b0a49aa8c,qt,0.03579941391944885,0,0.6115847826004028,False,fn,metrics_plus_commit_text,metrics_plus_commit_text,commit_text,True,paper-v1,error_analysis,qt::xgb::training,qt::xgb,,C:\Users\Dam Hieu\Desktop\CNDM - VIẾT BÁO + KLTN\prototype\results\tables\hybrid_tfidf_results.csv,C:\Users\Dam Hieu\Desktop\CNDM - VIẾT BÁO + KLTN\prototype\models\hybrid_tfidf\xgb_qt.joblib,jitline_native_split,,"{'feature_family': 'metrics_plus_commit_text', 'num_features': 1022}",1022,hybrid_tfidf,1,Selected by recall then f1 using validation metrics within dataset under policy hybrid_validation_then_tuned,0.9642006158828735,incorrect,la,age,nf,"la,age,nf",write pretty androidmanifest.xml change-id : i11d09940d28f13f1e1d9939ee46e2c321d8cb2a9 reviewed-by : eskil abrahamsen blomfeldt < eskil.abrahamsen-blomfeldt @ digia.com >,0.0,0.0,1.0,1.0,1.0,,5.0,,33.0,16.0,,625.0,,test,cd45bdc20556b3a18d9fc5cf60dd2b7b0a49aa8c,0.0,1.0,244666.0,1.0,False,1.0,74.0,73.0,438.0,72.0,592.0,0.0038136035941907,0.0309789990596593,,,,,,,,
qt,xgb,,,,,,,,,,,,,,,,,,,,,,0,cee63e2c17c8e83a4366741da0cbd5fc852e5835,qt,0.9571881294250488,1,0.6115847826004028,False,fp,metrics_plus_commit_text,metrics_plus_commit_text,commit_text,True,paper-v1,error_analysis,qt::xgb::training,qt::xgb,,C:\Users\Dam Hieu\Desktop\CNDM - VIẾT BÁO + KLTN\prototype\results\tables\hybrid_tfidf_results.csv,C:\Users\Dam Hieu\Desktop\CNDM - VIẾT BÁO + KLTN\prototype\models\hybrid_tfidf\xgb_qt.joblib,jitline_native_split,,"{'feature_family': 'metrics_plus_commit_text', 'num_features': 1022}",1022,hybrid_tfidf,1,Selected by recall then f1 using validation metrics within dataset under policy hybrid_validation_then_tuned,0.9571881294250488,incorrect,la,age,nf,"la,age,nf","cocoa : qmenu refactor . this change prepares for enabling native menus on os x . move code from src/widgets to cocoa : - qcocoaapplicaiton - qcocoaapplicaitondelegate - qcocoamenuloader - qcocoamenu - qmenu_mac - misc helpers to qcocoahelpers create a qnsapplication and qcocoaapplicationdelegate at application startup . new lighthouse api : - class qplatformmenu - class qplatformmenubar - qplatformintegration : :createplatformmenu ( ) - qplatformintegration : :createplatformmenubar ( ) platforms that wants a native menu integration subclasses qplatformmenu [ |bar ] and implements the create function . the default implementation returns 0 , which causes qmenu to use the standard qt menus . this api is based on the current native menu abstraction that mac , wince and s60 uses in qt 4 . the main difference is that the platform classes are proper standalone classes and not # ifdeffed into qmenuprivate . change-id : i3da41f80b0ae903a476937908b1f9b88014b7954 reviewed-on : http : //codereview.qt.nokia.com/4068 reviewed-by : morten johan sørvig < morten.sorvig @ nokia.com >",197.0,352.0,22.0,2.0,9.0,,9.0,,18.0,153115.76923076922,,20.0,,test,cee63e2c17c8e83a4366741da0cbd5fc852e5835,0.8687491325521273,5.0,512169.0,1.0,True,1.0,20.0,20.0,20.0,19.0,19.0,0.0165289256198347,0.0165289256198347,,,,,,,,
qt,xgb,,,,,,,,,,,,,,,,,,,,,,0,5a67cd24955da6c3ac27cbbd5e08cf9ce9fa88b9,qt,0.9543601274490356,1,0.6115847826004028,False,fp,metrics_plus_commit_text,metrics_plus_commit_text,commit_text,True,paper-v1,error_analysis,qt::xgb::training,qt::xgb,,C:\Users\Dam Hieu\Desktop\CNDM - VIẾT BÁO + KLTN\prototype\results\tables\hybrid_tfidf_results.csv,C:\Users\Dam Hieu\Desktop\CNDM - VIẾT BÁO + KLTN\prototype\models\hybrid_tfidf\xgb_qt.joblib,jitline_native_split,,"{'feature_family': 'metrics_plus_commit_text', 'num_features': 1022}",1022,hybrid_tfidf,1,Selected by recall then f1 using validation metrics within dataset under policy hybrid_validation_then_tuned,0.9543601274490356,incorrect,la,age,nf,"la,age,nf",windows : add dialog helpers for native dialogs . implement qplatformdialoghelper for file dialogs based on ifiledialog . add prototypical implementation of color dialogs . change-id : if3c7470be6c0b8fbf8cfea1b6638bda43afafea7 reviewed-by : oliver wolff < oliver.wolff @ nokia.com >,1064.0,0.0,8.0,1.0,1.0,,5.0,,13.0,802724.625,,158.0,,test,5a67cd24955da6c3ac27cbbd5e08cf9ce9fa88b9,0.184225896929899,2.0,9683.0,2.0,False,2.0,154.0,154.0,158.0,134.0,137.0,0.0587467362924282,0.0600522193211488,,,,,,,,
qt,xgb,,,,,,,,,,,,,,,,,,,,,,0,432a48b8f2d9ebaef1bd7be4a168a45524faaf68,qt,0.9491718411445618,1,0.6115847826004028,False,fp,metrics_plus_commit_text,metrics_plus_commit_text,commit_text,True,paper-v1,error_analysis,qt::xgb::training,qt::xgb,,C:\Users\Dam Hieu\Desktop\CNDM - VIẾT BÁO + KLTN\prototype\results\tables\hybrid_tfidf_results.csv,C:\Users\Dam Hieu\Desktop\CNDM - VIẾT BÁO + KLTN\prototype\models\hybrid_tfidf\xgb_qt.joblib,jitline_native_split,,"{'feature_family': 'metrics_plus_commit_text', 'num_features': 1022}",1022,hybrid_tfidf,1,Selected by recall then f1 using validation metrics within dataset under policy hybrid_validation_then_tuned,0.9491718411445618,incorrect,la,age,nf,"la,age,nf",support remote import paths probe for installed modules in import path elements which are not local to the machine . note that all local paths in the import path list will be tried before any remote locations are probed . task-number : qtbug-21386 change-id : i4f7b9e54e54c1d62a5e7cb7f059ee1e9319ef054 reviewed-by : chris adams < christopher.adams @ nokia.com >,878.0,417.0,10.0,2.0,4.0,,21.0,,95.0,921707.2,,288.0,,test,432a48b8f2d9ebaef1bd7be4a168a45524faaf68,0.542763402544532,10.0,1463662.0,12.0,False,2.0,122.0,122.0,288.0,116.0,281.0,0.0116059914691002,0.0279734153357801,,,,,,,,
qt,xgb,,,,,,,,,,,,,,,,,,,,,,0,29993ff8e91715bdfbaf964c91e07a112f6d2a24,qt,0.9385647177696228,1,0.6115847826004028,False,fp,metrics_plus_commit_text,metrics_plus_commit_text,commit_text,True,paper-v1,error_analysis,qt::xgb::training,qt::xgb,,C:\Users\Dam Hieu\Desktop\CNDM - VIẾT BÁO + KLTN\prototype\results\tables\hybrid_tfidf_results.csv,C:\Users\Dam Hieu\Desktop\CNDM - VIẾT BÁO + KLTN\prototype\models\hybrid_tfidf\xgb_qt.joblib,jitline_native_split,,"{'feature_family': 'metrics_plus_commit_text', 'num_features': 1022}",1022,hybrid_tfidf,1,Selected by recall then f1 using validation metrics within dataset under policy hybrid_validation_then_tuned,0.9385647177696228,incorrect,la,age,nf,"la,age,nf","refactor spriteengine out of stochasticengine also add particlegroups which use only stochasticstates simplistic change for now , just to focus the api for the particle system . particlegroup elements replace the particlestates property on the system , and the term `` group '' is now used more consistently . change-id : i6456f9c521b8166ccd94ea953275557bcfbf6423 reviewed-on : http : //codereview.qt-project.org/4699 reviewed-by : alan alpert < alan.alpert @ nokia.com >",422.0,277.0,24.0,1.0,2.0,,7.0,,52.0,566887.25,,87.0,,test,29993ff8e91715bdfbaf964c91e07a112f6d2a24,0.7667292010303326,3.0,18621.0,1.0,True,1.0,87.0,87.0,87.0,81.0,81.0,0.0606508875739644,0.0606508875739644,,,,,,,,
