dataset_name,model,num_rows,num_correct,num_incorrect,tp,tn,fp,fn,mean_probability
cm1,lgbm,498,471,27,31,440,9,18,0.09457855726264587
jm1,rf,13204,11993,1211,1046,10947,154,1057,0.15596868975770922
kc1,rf,2109,1880,229,140,1740,43,186,0.1572699239096622
pc1,rf,1109,1060,49,31,1029,3,46,0.06667349694908899
