feature,mean_abs_shap
loc,3.2109474419757023
v(g),1.353625794982817
iv(g),0.9830275775866351
branchCount,0.23692198307197543
ev(g),0.11669094116466586
