feature,feature_value,shap_value
loc,63.0,3.431593210264109
iv(g),3.0,1.4962037727830466
v(g),15.0,-1.1306809540116227
branchCount,20.0,-0.21679698535706848
ev(g),4.0,0.11058217553887516
