feature,feature_value,shap_value
loc,32.0,0.04997970506057754
branchCount,1.0,0.033490936240862086
iv(g),1.0,-0.013432849998175699
ev(g),1.0,0.008951220076785376
v(g),1.0,0.003223812017656655
