feature,mean_abs_shap
loc,0.0699404164907465
branchCount,0.0331238755287221
v(g),0.027943482952207423
iv(g),0.02408659446332849
ev(g),0.021693707092268234
